id,SHA,command,environment,expected,exit,elapsed_ms,evidence_level,source_ledger
versions,172da62b63f70d406ffad69893851a01b042ffc4,"['bash', '-c', 'psql --version; redis-server --version; pgbackrest version; uname -a; date -u +%FT%TZ']",{},"Setup/control: command performs stated operation; interpret stdout and independent semantic checks, not exit alone.",0,17.188336,E3 LOCAL REAL BINARIES (not E4),ledger-committed-control.json
p9-init,172da62b63f70d406ffad69893851a01b042ffc4,"['initdb', '-D', '/tmp/a8dr-pg-2txtqj7h/source', '-A', 'trust', '--no-locale']",{},"Setup/control: command performs stated operation; interpret stdout and independent semantic checks, not exit alone.",0,358.597444,E3 LOCAL REAL BINARIES (not E4),ledger-committed-control.json
p9-start,172da62b63f70d406ffad69893851a01b042ffc4,"['pg_ctl', '-D', '/tmp/a8dr-pg-2txtqj7h/source', '-l', '/tmp/a8dr-pg-2txtqj7h/source.log', '-w', 'start']","{'PGBACKREST_CONFIG': '/tmp/a8dr-pg-2txtqj7h/pbr.conf', 'PGHOST': '/tmp/a8dr-pg-2txtqj7h/socket', 'PGPORT': '55448', 'PGUSER': 'user', 'PGDATABASE': 'payesh'}","Setup/control: command performs stated operation; interpret stdout and independent semantic checks, not exit alone.",0,110.692141,E3 LOCAL REAL BINARIES (not E4),ledger-committed-control.json
p9-create-db,172da62b63f70d406ffad69893851a01b042ffc4,"['psql', '-v', 'ON_ERROR_STOP=1', '-d', 'postgres', '-tAXc', 'CREATE DATABASE payesh']","{'PGBACKREST_CONFIG': '/tmp/a8dr-pg-2txtqj7h/pbr.conf', 'PGHOST': '/tmp/a8dr-pg-2txtqj7h/socket', 'PGPORT': '55448', 'PGUSER': 'user', 'PGDATABASE': 'payesh'}","Setup/control: command performs stated operation; interpret stdout and independent semantic checks, not exit alone.",0,25.405984,E3 LOCAL REAL BINARIES (not E4),ledger-committed-control.json
p9-seed,172da62b63f70d406ffad69893851a01b042ffc4,"['psql', '-v', 'ON_ERROR_STOP=1', '-d', 'payesh', '-tAXc', ""CREATE TABLE users(id int primary key, value text); INSERT INTO users SELECT i,'run9-'||i FROM generate_series(1,10)i;CREATE TABLE schools(id int primary key, value text); INSERT INTO schools SELECT i,'run9-'||i FROM generate_series(1,10)i;CREATE TABLE classes(id int primary key, value text); INSERT INTO classes SELECT i,'run9-'||i FROM generate_series(1,10)i;CREATE TABLE grades(id int primary key, value text); INSERT INTO grades SELECT i,'run9-'||i FROM generate_series(1,10)i;CREATE TABLE attendance(id int primary key, value text); INSERT INTO attendance SELECT i,'run9-'||i FROM generate_series(1,10)i""]","{'PGBACKREST_CONFIG': '/tmp/a8dr-pg-2txtqj7h/pbr.conf', 'PGHOST': '/tmp/a8dr-pg-2txtqj7h/socket', 'PGPORT': '55448', 'PGUSER': 'user', 'PGDATABASE': 'payesh'}","Setup/control: command performs stated operation; interpret stdout and independent semantic checks, not exit alone.",0,10.407272,E3 LOCAL REAL BINARIES (not E4),ledger-committed-control.json
p9-stanza,172da62b63f70d406ffad69893851a01b042ffc4,"['pgbackrest', '--stanza=payesh', 'stanza-create']","{'PGBACKREST_CONFIG': '/tmp/a8dr-pg-2txtqj7h/pbr.conf', 'PGHOST': '/tmp/a8dr-pg-2txtqj7h/socket', 'PGPORT': '55448', 'PGUSER': 'user', 'PGDATABASE': 'payesh'}","Setup/control: command performs stated operation; interpret stdout and independent semantic checks, not exit alone.",0,11.415067,E3 LOCAL REAL BINARIES (not E4),ledger-committed-control.json
p9-backup,172da62b63f70d406ffad69893851a01b042ffc4,"['pgbackrest', '--stanza=payesh', '--type=full', 'backup']","{'PGBACKREST_CONFIG': '/tmp/a8dr-pg-2txtqj7h/pbr.conf', 'PGHOST': '/tmp/a8dr-pg-2txtqj7h/socket', 'PGPORT': '55448', 'PGUSER': 'user', 'PGDATABASE': 'payesh'}","Setup/control: command performs stated operation; interpret stdout and independent semantic checks, not exit alone.",0,1542.327382,E3 LOCAL REAL BINARIES (not E4),ledger-committed-control.json
p9-info,172da62b63f70d406ffad69893851a01b042ffc4,"['pgbackrest', '--stanza=payesh', '--output=json', 'info']","{'PGBACKREST_CONFIG': '/tmp/a8dr-pg-2txtqj7h/pbr.conf', 'PGHOST': '/tmp/a8dr-pg-2txtqj7h/socket', 'PGPORT': '55448', 'PGUSER': 'user', 'PGDATABASE': 'payesh'}","Setup/control: command performs stated operation; interpret stdout and independent semantic checks, not exit alone.",0,5.966845,E3 LOCAL REAL BINARIES (not E4),ledger-committed-control.json
p9-commit-before-target,172da62b63f70d406ffad69893851a01b042ffc4,"['psql', '-v', 'ON_ERROR_STOP=1', '-d', 'payesh', '-tAXc', ""INSERT INTO users VALUES(11,'keep')""]","{'PGBACKREST_CONFIG': '/tmp/a8dr-pg-2txtqj7h/pbr.conf', 'PGHOST': '/tmp/a8dr-pg-2txtqj7h/socket', 'PGPORT': '55448', 'PGUSER': 'user', 'PGDATABASE': 'payesh'}","Setup/control: command performs stated operation; interpret stdout and independent semantic checks, not exit alone.",0,10.338004,E3 LOCAL REAL BINARIES (not E4),ledger-committed-control.json
p9-before-target,172da62b63f70d406ffad69893851a01b042ffc4,"['psql', '-v', 'ON_ERROR_STOP=1', '-d', 'payesh', '-tAXc', ""SELECT pg_create_restore_point('arena_target')""]","{'PGBACKREST_CONFIG': '/tmp/a8dr-pg-2txtqj7h/pbr.conf', 'PGHOST': '/tmp/a8dr-pg-2txtqj7h/socket', 'PGPORT': '55448', 'PGUSER': 'user', 'PGDATABASE': 'payesh'}","Setup/control: command performs stated operation; interpret stdout and independent semantic checks, not exit alone.",0,5.669035,E3 LOCAL REAL BINARIES (not E4),ledger-committed-control.json
p9-expected,172da62b63f70d406ffad69893851a01b042ffc4,"['psql', '-v', 'ON_ERROR_STOP=1', '-d', 'payesh', '-tAXc', ""SELECT count(*),md5(string_agg(users::text,'|' ORDER BY id)) FROM users""]","{'PGBACKREST_CONFIG': '/tmp/a8dr-pg-2txtqj7h/pbr.conf', 'PGHOST': '/tmp/a8dr-pg-2txtqj7h/socket', 'PGPORT': '55448', 'PGUSER': 'user', 'PGDATABASE': 'payesh'}","Setup/control: command performs stated operation; interpret stdout and independent semantic checks, not exit alone.",0,6.396306,E3 LOCAL REAL BINARIES (not E4),ledger-committed-control.json
p9-after-target,172da62b63f70d406ffad69893851a01b042ffc4,"['psql', '-v', 'ON_ERROR_STOP=1', '-d', 'payesh', '-tAXc', ""INSERT INTO users VALUES(12,'must-not-restore'); SELECT pg_switch_wal();""]","{'PGBACKREST_CONFIG': '/tmp/a8dr-pg-2txtqj7h/pbr.conf', 'PGHOST': '/tmp/a8dr-pg-2txtqj7h/socket', 'PGPORT': '55448', 'PGUSER': 'user', 'PGDATABASE': 'payesh'}","Setup/control: command performs stated operation; interpret stdout and independent semantic checks, not exit alone.",0,17.363417,E3 LOCAL REAL BINARIES (not E4),ledger-committed-control.json
p9-archive-check,172da62b63f70d406ffad69893851a01b042ffc4,"['pgbackrest', '--stanza=payesh', 'check']","{'PGBACKREST_CONFIG': '/tmp/a8dr-pg-2txtqj7h/pbr.conf', 'PGHOST': '/tmp/a8dr-pg-2txtqj7h/socket', 'PGPORT': '55448', 'PGUSER': 'user', 'PGDATABASE': 'payesh'}","Setup/control: command performs stated operation; interpret stdout and independent semantic checks, not exit alone.",0,318.863652,E3 LOCAL REAL BINARIES (not E4),ledger-committed-control.json
p9-restore-time,172da62b63f70d406ffad69893851a01b042ffc4,"['bash', 'tools/pitr-restore.sh', '--time', '2026-09-23 00:00:00+00', '--no-start', '--dest', '/tmp/a8dr-pg-2txtqj7h/time']","{'PGBACKREST_CONFIG': '/tmp/a8dr-pg-2txtqj7h/pbr.conf', 'PGHOST': '/tmp/a8dr-pg-2txtqj7h/socket', 'PGPORT': '55448', 'PGUSER': 'user', 'PGDATABASE': 'payesh'}",Timestamp remains single argv value; no command parsing failure. Actual recovery target availability checked separately.,48,12.181931,E3 LOCAL REAL BINARIES (not E4),ledger-committed-control.json
p9-restore-latest,172da62b63f70d406ffad69893851a01b042ffc4,"['bash', 'tools/pitr-restore.sh', '--latest', '--no-start', '--dest', '/tmp/a8dr-pg-2txtqj7h/latest']","{'PGBACKREST_CONFIG': '/tmp/a8dr-pg-2txtqj7h/pbr.conf', 'PGHOST': '/tmp/a8dr-pg-2txtqj7h/socket', 'PGPORT': '55448', 'PGUSER': 'user', 'PGDATABASE': 'payesh'}",Documented latest option mapped to valid pgBackRest restore type.,32,12.524013,E3 LOCAL REAL BINARIES (not E4),ledger-committed-control.json
p9-restore-native,172da62b63f70d406ffad69893851a01b042ffc4,"['bash', 'tools/pitr-restore.sh', '--native', '--time', '2026-09-23 00:00:00+00', '--no-start', '--dest', '/tmp/a8dr-pg-2txtqj7h/native']","{'PGBACKREST_CONFIG': '/tmp/a8dr-pg-2txtqj7h/pbr.conf', 'PGHOST': '/tmp/a8dr-pg-2txtqj7h/socket', 'PGPORT': '55448', 'PGUSER': 'user', 'PGDATABASE': 'payesh'}",Runbook documented command accepted; currently unsupported flag.,1,1.680554,E3 LOCAL REAL BINARIES (not E4),ledger-committed-control.json
p9-restore-name,172da62b63f70d406ffad69893851a01b042ffc4,"['bash', 'tools/pitr-restore.sh', '--name', 'arena_target', '--no-start', '--dest', '/tmp/a8dr-pg-2txtqj7h/restore', '--port', '55449']","{'PGBACKREST_CONFIG': '/tmp/a8dr-pg-2txtqj7h/pbr.conf', 'PGHOST': '/tmp/a8dr-pg-2txtqj7h/socket', 'PGPORT': '55448', 'PGUSER': 'user', 'PGDATABASE': 'payesh'}",Named restore copies backup; no-start does NOT certify replay/promote.,0,301.869651,E3 LOCAL REAL BINARIES (not E4),ledger-committed-control.json
p9-target-original-start,172da62b63f70d406ffad69893851a01b042ffc4,"['pg_ctl', '-D', '/tmp/a8dr-pg-2txtqj7h/restore/pitr-20260922-211641-8052/data', '-o', '-c config_file=/tmp/a8dr-pg-2txtqj7h/restore/pitr-20260922-211641-8052/etc/postgresql.conf', '-l', '/tmp/a8dr-pg-2txtqj7h/restore/pitr-20260922-211641-8052/original.log', '-w', 'start']","{'PGBACKREST_CONFIG': '/tmp/a8dr-pg-2txtqj7h/pbr.conf', 'PGHOST': '/tmp/a8dr-pg-2txtqj7h/socket', 'PGPORT': '55448', 'PGUSER': 'user', 'PGDATABASE': 'payesh'}",Unmodified generated restore config boots and replays WAL for separate target.,1,109.434982,E3 LOCAL REAL BINARIES (not E4),ledger-committed-control.json
p9-target-start,172da62b63f70d406ffad69893851a01b042ffc4,"['pg_ctl', '-D', '/tmp/a8dr-pg-2txtqj7h/restore/pitr-20260922-211641-8052/data', '-o', '-c config_file=/tmp/a8dr-pg-2txtqj7h/restore/pitr-20260922-211641-8052/etc/postgresql.conf -c recovery_target_action=promote -c max_connections=100', '-l', '/tmp/a8dr-pg-2txtqj7h/restore/pitr-20260922-211641-8052/target.log', '-w', 'start']","{'PGBACKREST_CONFIG': '/tmp/a8dr-pg-2txtqj7h/pbr.conf', 'PGHOST': '/tmp/a8dr-pg-2txtqj7h/socket', 'PGPORT': '55448', 'PGUSER': 'user', 'PGDATABASE': 'payesh'}","Setup/control: command performs stated operation; interpret stdout and independent semantic checks, not exit alone.",0,107.806635,E3 LOCAL REAL BINARIES (not E4),ledger-committed-control.json
p9-actual,172da62b63f70d406ffad69893851a01b042ffc4,"['psql', '-v', 'ON_ERROR_STOP=1', '-d', 'payesh', '-tAXc', ""SELECT count(*),md5(string_agg(users::text,'|' ORDER BY id)) FROM users""]","{'PGBACKREST_CONFIG': '/tmp/a8dr-pg-2txtqj7h/pbr.conf', 'PGHOST': '/tmp/a8dr-pg-2txtqj7h/restore/pitr-20260922-211641-8052/run', 'PGPORT': '55449', 'PGUSER': 'user', 'PGDATABASE': 'payesh'}",Dataset count/hash equal expected committed target manifest; see comparison JSON.,0,6.296467,E3 LOCAL REAL BINARIES (not E4),ledger-committed-control.json
p9-source-identity,172da62b63f70d406ffad69893851a01b042ffc4,"['psql', '-v', 'ON_ERROR_STOP=1', '-d', 'payesh', '-tAXc', ""SELECT current_database(),current_setting('data_directory'),system_identifier FROM pg_control_system()""]","{'PGBACKREST_CONFIG': '/tmp/a8dr-pg-2txtqj7h/pbr.conf', 'PGHOST': '/tmp/a8dr-pg-2txtqj7h/socket', 'PGPORT': '55448', 'PGUSER': 'user', 'PGDATABASE': 'payesh'}","Setup/control: command performs stated operation; interpret stdout and independent semantic checks, not exit alone.",0,5.64452,E3 LOCAL REAL BINARIES (not E4),ledger-committed-control.json
p9-target-identity,172da62b63f70d406ffad69893851a01b042ffc4,"['psql', '-v', 'ON_ERROR_STOP=1', '-d', 'payesh', '-tAXc', ""SELECT current_database(),current_setting('data_directory'),system_identifier FROM pg_control_system()""]","{'PGBACKREST_CONFIG': '/tmp/a8dr-pg-2txtqj7h/pbr.conf', 'PGHOST': '/tmp/a8dr-pg-2txtqj7h/restore/pitr-20260922-211641-8052/run', 'PGPORT': '55449', 'PGUSER': 'user', 'PGDATABASE': 'payesh'}","Setup/control: command performs stated operation; interpret stdout and independent semantic checks, not exit alone.",0,5.36184,E3 LOCAL REAL BINARIES (not E4),ledger-committed-control.json
p9-verify-correct,172da62b63f70d406ffad69893851a01b042ffc4,"['bash', 'tools/pitr-verify.sh']","{'PGBACKREST_CONFIG': '/tmp/a8dr-pg-2txtqj7h/pbr.conf', 'PGHOST': '/tmp/a8dr-pg-2txtqj7h/restore/pitr-20260922-211641-8052/run', 'PGPORT': '55449', 'PGUSER': 'user', 'PGDATABASE': 'payesh'}","Setup/control: command performs stated operation; interpret stdout and independent semantic checks, not exit alone.",0,62.341989,E3 LOCAL REAL BINARIES (not E4),ledger-committed-control.json
p9-verify-wrong-source,172da62b63f70d406ffad69893851a01b042ffc4,"['bash', 'tools/pitr-verify.sh']","{'PGBACKREST_CONFIG': '/tmp/a8dr-pg-2txtqj7h/pbr.conf', 'PGHOST': '/tmp/a8dr-pg-2txtqj7h/socket', 'PGPORT': '55448', 'PGUSER': 'user', 'PGDATABASE': 'payesh'}",Evidence gate must distinguish wrong target/dataset from approved restore target; current verifier lacks expected identity inputs.,0,61.307121,E3 LOCAL REAL BINARIES (not E4),ledger-committed-control.json
p9-verify-postgres-db,172da62b63f70d406ffad69893851a01b042ffc4,"['bash', 'tools/pitr-verify.sh']","{'PGBACKREST_CONFIG': '/tmp/a8dr-pg-2txtqj7h/pbr.conf', 'PGHOST': '/tmp/a8dr-pg-2txtqj7h/restore/pitr-20260922-211641-8052/run', 'PGPORT': '55449', 'PGUSER': 'user', 'PGDATABASE': 'postgres'}",Wrong database without required tables rejected; wrapper currently forces this DB.,1,59.563478,E3 LOCAL REAL BINARIES (not E4),ledger-committed-control.json
p9-promote-primary-guard,172da62b63f70d406ffad69893851a01b042ffc4,"['bash', 'tools/failover-postgres.sh', '--dry-run']","{'PGBACKREST_CONFIG': '/tmp/a8dr-pg-2txtqj7h/pbr.conf', 'PGHOST': '/tmp/a8dr-pg-2txtqj7h/restore/pitr-20260922-211641-8052/run', 'PGPORT': '55449', 'PGUSER': 'user', 'PGDATABASE': 'payesh'}",Already-primary target rejected.,1,7.706002,E3 LOCAL REAL BINARIES (not E4),ledger-committed-control.json
p9-basebackup,172da62b63f70d406ffad69893851a01b042ffc4,"['pg_basebackup', '-h', '/tmp/a8dr-pg-2txtqj7h/socket', '-p', '55448', '-U', 'user', '-D', '/tmp/a8dr-pg-2txtqj7h/standby', '-R', '-X', 'stream', '-c', 'fast']","{'PGBACKREST_CONFIG': '/tmp/a8dr-pg-2txtqj7h/pbr.conf', 'PGHOST': '/tmp/a8dr-pg-2txtqj7h/socket', 'PGPORT': '55448', 'PGUSER': 'user', 'PGDATABASE': 'payesh'}","Setup/control: command performs stated operation; interpret stdout and independent semantic checks, not exit alone.",0,65.221072,E3 LOCAL REAL BINARIES (not E4),ledger-committed-control.json
p9-standby-start,172da62b63f70d406ffad69893851a01b042ffc4,"['pg_ctl', '-D', '/tmp/a8dr-pg-2txtqj7h/standby', '-o', '-p 55452 -k /tmp/a8dr-pg-2txtqj7h/standby-socket -c archive_mode=off', '-l', '/tmp/a8dr-pg-2txtqj7h/standby.log', '-w', 'start']","{'PGBACKREST_CONFIG': '/tmp/a8dr-pg-2txtqj7h/pbr.conf', 'PGHOST': '/tmp/a8dr-pg-2txtqj7h/socket', 'PGPORT': '55448', 'PGUSER': 'user', 'PGDATABASE': 'payesh'}","Setup/control: command performs stated operation; interpret stdout and independent semantic checks, not exit alone.",0,108.754252,E3 LOCAL REAL BINARIES (not E4),ledger-committed-control.json
p9-standby-before,172da62b63f70d406ffad69893851a01b042ffc4,"['psql', '-v', 'ON_ERROR_STOP=1', '-d', 'payesh', '-tAXc', ""SELECT pg_is_in_recovery(),count(*),md5(string_agg(users::text,'|' ORDER BY id)) FROM users""]","{'PGBACKREST_CONFIG': '/tmp/a8dr-pg-2txtqj7h/pbr.conf', 'PGHOST': '/tmp/a8dr-pg-2txtqj7h/standby-socket', 'PGPORT': '55452', 'PGUSER': 'user', 'PGDATABASE': 'payesh', 'OLD_PGHOST': '/tmp/a8dr-pg-2txtqj7h/socket', 'OLD_PGPORT': '55448'}","Setup/control: command performs stated operation; interpret stdout and independent semantic checks, not exit alone.",0,9.708022,E3 LOCAL REAL BINARIES (not E4),ledger-committed-control.json
p9-stop-source,172da62b63f70d406ffad69893851a01b042ffc4,"['pg_ctl', '-D', '/tmp/a8dr-pg-2txtqj7h/source', '-m', 'immediate', '-w', 'stop']","{'PGBACKREST_CONFIG': '/tmp/a8dr-pg-2txtqj7h/pbr.conf', 'PGHOST': '/tmp/a8dr-pg-2txtqj7h/socket', 'PGPORT': '55448', 'PGUSER': 'user', 'PGDATABASE': 'payesh'}","Setup/control: command performs stated operation; interpret stdout and independent semantic checks, not exit alone.",0,101.63687,E3 LOCAL REAL BINARIES (not E4),ledger-committed-control.json
p9-promote,172da62b63f70d406ffad69893851a01b042ffc4,"['bash', 'tools/failover-postgres.sh']","{'PGBACKREST_CONFIG': '/tmp/a8dr-pg-2txtqj7h/pbr.conf', 'PGHOST': '/tmp/a8dr-pg-2txtqj7h/standby-socket', 'PGPORT': '55452', 'PGUSER': 'user', 'PGDATABASE': 'payesh', 'OLD_PGHOST': '/tmp/a8dr-pg-2txtqj7h/socket', 'OLD_PGPORT': '55448'}","Stopped old primary -> promote real standby; exit 0, correct role/data on independent query.",0,129.65363,E3 LOCAL REAL BINARIES (not E4),ledger-committed-control.json
p9-standby-after,172da62b63f70d406ffad69893851a01b042ffc4,"['psql', '-v', 'ON_ERROR_STOP=1', '-d', 'payesh', '-tAXc', ""SELECT pg_is_in_recovery(),count(*),md5(string_agg(users::text,'|' ORDER BY id)) FROM users""]","{'PGBACKREST_CONFIG': '/tmp/a8dr-pg-2txtqj7h/pbr.conf', 'PGHOST': '/tmp/a8dr-pg-2txtqj7h/standby-socket', 'PGPORT': '55452', 'PGUSER': 'user', 'PGDATABASE': 'payesh', 'OLD_PGHOST': '/tmp/a8dr-pg-2txtqj7h/socket', 'OLD_PGPORT': '55448'}","Setup/control: command performs stated operation; interpret stdout and independent semantic checks, not exit alone.",0,6.216308,E3 LOCAL REAL BINARIES (not E4),ledger-committed-control.json
p9-stop-standby,172da62b63f70d406ffad69893851a01b042ffc4,"['pg_ctl', '-D', '/tmp/a8dr-pg-2txtqj7h/standby', '-m', 'immediate', '-w', 'stop']","{'PGBACKREST_CONFIG': '/tmp/a8dr-pg-2txtqj7h/pbr.conf', 'PGHOST': '/tmp/a8dr-pg-2txtqj7h/socket', 'PGPORT': '55448', 'PGUSER': 'user', 'PGDATABASE': 'payesh'}","Setup/control: command performs stated operation; interpret stdout and independent semantic checks, not exit alone.",0,101.696234,E3 LOCAL REAL BINARIES (not E4),ledger-committed-control.json
p9-stop-data,172da62b63f70d406ffad69893851a01b042ffc4,"['pg_ctl', '-D', '/tmp/a8dr-pg-2txtqj7h/restore/pitr-20260922-211641-8052/data', '-m', 'immediate', '-w', 'stop']","{'PGBACKREST_CONFIG': '/tmp/a8dr-pg-2txtqj7h/pbr.conf', 'PGHOST': '/tmp/a8dr-pg-2txtqj7h/socket', 'PGPORT': '55448', 'PGUSER': 'user', 'PGDATABASE': 'payesh'}","Setup/control: command performs stated operation; interpret stdout and independent semantic checks, not exit alone.",0,101.682848,E3 LOCAL REAL BINARIES (not E4),ledger-committed-control.json
p10-init,172da62b63f70d406ffad69893851a01b042ffc4,"['initdb', '-D', '/tmp/a8dr-pg-x693c5pd/source', '-A', 'trust', '--no-locale']",{},"Setup/control: command performs stated operation; interpret stdout and independent semantic checks, not exit alone.",0,348.69741,E3 LOCAL REAL BINARIES (not E4),ledger-committed-control.json
p10-start,172da62b63f70d406ffad69893851a01b042ffc4,"['pg_ctl', '-D', '/tmp/a8dr-pg-x693c5pd/source', '-l', '/tmp/a8dr-pg-x693c5pd/source.log', '-w', 'start']","{'PGBACKREST_CONFIG': '/tmp/a8dr-pg-x693c5pd/pbr.conf', 'PGHOST': '/tmp/a8dr-pg-x693c5pd/socket', 'PGPORT': '55450', 'PGUSER': 'user', 'PGDATABASE': 'payesh'}","Setup/control: command performs stated operation; interpret stdout and independent semantic checks, not exit alone.",0,108.762717,E3 LOCAL REAL BINARIES (not E4),ledger-committed-control.json
p10-create-db,172da62b63f70d406ffad69893851a01b042ffc4,"['psql', '-v', 'ON_ERROR_STOP=1', '-d', 'postgres', '-tAXc', 'CREATE DATABASE payesh']","{'PGBACKREST_CONFIG': '/tmp/a8dr-pg-x693c5pd/pbr.conf', 'PGHOST': '/tmp/a8dr-pg-x693c5pd/socket', 'PGPORT': '55450', 'PGUSER': 'user', 'PGDATABASE': 'payesh'}","Setup/control: command performs stated operation; interpret stdout and independent semantic checks, not exit alone.",0,21.719954,E3 LOCAL REAL BINARIES (not E4),ledger-committed-control.json
p10-seed,172da62b63f70d406ffad69893851a01b042ffc4,"['psql', '-v', 'ON_ERROR_STOP=1', '-d', 'payesh', '-tAXc', ""CREATE TABLE users(id int primary key, value text); INSERT INTO users SELECT i,'run10-'||i FROM generate_series(1,10)i;CREATE TABLE schools(id int primary key, value text); INSERT INTO schools SELECT i,'run10-'||i FROM generate_series(1,10)i;CREATE TABLE classes(id int primary key, value text); INSERT INTO classes SELECT i,'run10-'||i FROM generate_series(1,10)i;CREATE TABLE grades(id int primary key, value text); INSERT INTO grades SELECT i,'run10-'||i FROM generate_series(1,10)i;CREATE TABLE attendance(id int primary key, value text); INSERT INTO attendance SELECT i,'run10-'||i FROM generate_series(1,10)i""]","{'PGBACKREST_CONFIG': '/tmp/a8dr-pg-x693c5pd/pbr.conf', 'PGHOST': '/tmp/a8dr-pg-x693c5pd/socket', 'PGPORT': '55450', 'PGUSER': 'user', 'PGDATABASE': 'payesh'}","Setup/control: command performs stated operation; interpret stdout and independent semantic checks, not exit alone.",0,11.216471,E3 LOCAL REAL BINARIES (not E4),ledger-committed-control.json
p10-stanza,172da62b63f70d406ffad69893851a01b042ffc4,"['pgbackrest', '--stanza=payesh', 'stanza-create']","{'PGBACKREST_CONFIG': '/tmp/a8dr-pg-x693c5pd/pbr.conf', 'PGHOST': '/tmp/a8dr-pg-x693c5pd/socket', 'PGPORT': '55450', 'PGUSER': 'user', 'PGDATABASE': 'payesh'}","Setup/control: command performs stated operation; interpret stdout and independent semantic checks, not exit alone.",0,12.848509,E3 LOCAL REAL BINARIES (not E4),ledger-committed-control.json
p10-backup,172da62b63f70d406ffad69893851a01b042ffc4,"['pgbackrest', '--stanza=payesh', '--type=full', 'backup']","{'PGBACKREST_CONFIG': '/tmp/a8dr-pg-x693c5pd/pbr.conf', 'PGHOST': '/tmp/a8dr-pg-x693c5pd/socket', 'PGPORT': '55450', 'PGUSER': 'user', 'PGDATABASE': 'payesh'}","Setup/control: command performs stated operation; interpret stdout and independent semantic checks, not exit alone.",0,1639.832267,E3 LOCAL REAL BINARIES (not E4),ledger-committed-control.json
p10-info,172da62b63f70d406ffad69893851a01b042ffc4,"['pgbackrest', '--stanza=payesh', '--output=json', 'info']","{'PGBACKREST_CONFIG': '/tmp/a8dr-pg-x693c5pd/pbr.conf', 'PGHOST': '/tmp/a8dr-pg-x693c5pd/socket', 'PGPORT': '55450', 'PGUSER': 'user', 'PGDATABASE': 'payesh'}","Setup/control: command performs stated operation; interpret stdout and independent semantic checks, not exit alone.",0,5.980597,E3 LOCAL REAL BINARIES (not E4),ledger-committed-control.json
p10-commit-before-target,172da62b63f70d406ffad69893851a01b042ffc4,"['psql', '-v', 'ON_ERROR_STOP=1', '-d', 'payesh', '-tAXc', ""INSERT INTO users VALUES(11,'keep')""]","{'PGBACKREST_CONFIG': '/tmp/a8dr-pg-x693c5pd/pbr.conf', 'PGHOST': '/tmp/a8dr-pg-x693c5pd/socket', 'PGPORT': '55450', 'PGUSER': 'user', 'PGDATABASE': 'payesh'}","Setup/control: command performs stated operation; interpret stdout and independent semantic checks, not exit alone.",0,11.191369,E3 LOCAL REAL BINARIES (not E4),ledger-committed-control.json
p10-before-target,172da62b63f70d406ffad69893851a01b042ffc4,"['psql', '-v', 'ON_ERROR_STOP=1', '-d', 'payesh', '-tAXc', ""SELECT pg_create_restore_point('arena_target')""]","{'PGBACKREST_CONFIG': '/tmp/a8dr-pg-x693c5pd/pbr.conf', 'PGHOST': '/tmp/a8dr-pg-x693c5pd/socket', 'PGPORT': '55450', 'PGUSER': 'user', 'PGDATABASE': 'payesh'}","Setup/control: command performs stated operation; interpret stdout and independent semantic checks, not exit alone.",0,5.861326,E3 LOCAL REAL BINARIES (not E4),ledger-committed-control.json
p10-expected,172da62b63f70d406ffad69893851a01b042ffc4,"['psql', '-v', 'ON_ERROR_STOP=1', '-d', 'payesh', '-tAXc', ""SELECT count(*),md5(string_agg(users::text,'|' ORDER BY id)) FROM users""]","{'PGBACKREST_CONFIG': '/tmp/a8dr-pg-x693c5pd/pbr.conf', 'PGHOST': '/tmp/a8dr-pg-x693c5pd/socket', 'PGPORT': '55450', 'PGUSER': 'user', 'PGDATABASE': 'payesh'}","Setup/control: command performs stated operation; interpret stdout and independent semantic checks, not exit alone.",0,6.78437,E3 LOCAL REAL BINARIES (not E4),ledger-committed-control.json
p10-after-target,172da62b63f70d406ffad69893851a01b042ffc4,"['psql', '-v', 'ON_ERROR_STOP=1', '-d', 'payesh', '-tAXc', ""INSERT INTO users VALUES(12,'must-not-restore'); SELECT pg_switch_wal();""]","{'PGBACKREST_CONFIG': '/tmp/a8dr-pg-x693c5pd/pbr.conf', 'PGHOST': '/tmp/a8dr-pg-x693c5pd/socket', 'PGPORT': '55450', 'PGUSER': 'user', 'PGDATABASE': 'payesh'}","Setup/control: command performs stated operation; interpret stdout and independent semantic checks, not exit alone.",0,17.352376,E3 LOCAL REAL BINARIES (not E4),ledger-committed-control.json
p10-archive-check,172da62b63f70d406ffad69893851a01b042ffc4,"['pgbackrest', '--stanza=payesh', 'check']","{'PGBACKREST_CONFIG': '/tmp/a8dr-pg-x693c5pd/pbr.conf', 'PGHOST': '/tmp/a8dr-pg-x693c5pd/socket', 'PGPORT': '55450', 'PGUSER': 'user', 'PGDATABASE': 'payesh'}","Setup/control: command performs stated operation; interpret stdout and independent semantic checks, not exit alone.",0,319.976643,E3 LOCAL REAL BINARIES (not E4),ledger-committed-control.json
p10-restore-time,172da62b63f70d406ffad69893851a01b042ffc4,"['bash', 'tools/pitr-restore.sh', '--time', '2026-09-23 00:00:00+00', '--no-start', '--dest', '/tmp/a8dr-pg-x693c5pd/time']","{'PGBACKREST_CONFIG': '/tmp/a8dr-pg-x693c5pd/pbr.conf', 'PGHOST': '/tmp/a8dr-pg-x693c5pd/socket', 'PGPORT': '55450', 'PGUSER': 'user', 'PGDATABASE': 'payesh'}",Timestamp remains single argv value; no command parsing failure. Actual recovery target availability checked separately.,48,15.099492,E3 LOCAL REAL BINARIES (not E4),ledger-committed-control.json
p10-restore-latest,172da62b63f70d406ffad69893851a01b042ffc4,"['bash', 'tools/pitr-restore.sh', '--latest', '--no-start', '--dest', '/tmp/a8dr-pg-x693c5pd/latest']","{'PGBACKREST_CONFIG': '/tmp/a8dr-pg-x693c5pd/pbr.conf', 'PGHOST': '/tmp/a8dr-pg-x693c5pd/socket', 'PGPORT': '55450', 'PGUSER': 'user', 'PGDATABASE': 'payesh'}",Documented latest option mapped to valid pgBackRest restore type.,32,16.163865,E3 LOCAL REAL BINARIES (not E4),ledger-committed-control.json
p10-restore-native,172da62b63f70d406ffad69893851a01b042ffc4,"['bash', 'tools/pitr-restore.sh', '--native', '--time', '2026-09-23 00:00:00+00', '--no-start', '--dest', '/tmp/a8dr-pg-x693c5pd/native']","{'PGBACKREST_CONFIG': '/tmp/a8dr-pg-x693c5pd/pbr.conf', 'PGHOST': '/tmp/a8dr-pg-x693c5pd/socket', 'PGPORT': '55450', 'PGUSER': 'user', 'PGDATABASE': 'payesh'}",Runbook documented command accepted; currently unsupported flag.,1,2.062507,E3 LOCAL REAL BINARIES (not E4),ledger-committed-control.json
p10-restore-name,172da62b63f70d406ffad69893851a01b042ffc4,"['bash', 'tools/pitr-restore.sh', '--name', 'arena_target', '--no-start', '--dest', '/tmp/a8dr-pg-x693c5pd/restore', '--port', '55451']","{'PGBACKREST_CONFIG': '/tmp/a8dr-pg-x693c5pd/pbr.conf', 'PGHOST': '/tmp/a8dr-pg-x693c5pd/socket', 'PGPORT': '55450', 'PGUSER': 'user', 'PGDATABASE': 'payesh'}",Named restore copies backup; no-start does NOT certify replay/promote.,0,328.614548,E3 LOCAL REAL BINARIES (not E4),ledger-committed-control.json
p10-target-original-start,172da62b63f70d406ffad69893851a01b042ffc4,"['pg_ctl', '-D', '/tmp/a8dr-pg-x693c5pd/restore/pitr-20260922-211645-8309/data', '-o', '-c config_file=/tmp/a8dr-pg-x693c5pd/restore/pitr-20260922-211645-8309/etc/postgresql.conf', '-l', '/tmp/a8dr-pg-x693c5pd/restore/pitr-20260922-211645-8309/original.log', '-w', 'start']","{'PGBACKREST_CONFIG': '/tmp/a8dr-pg-x693c5pd/pbr.conf', 'PGHOST': '/tmp/a8dr-pg-x693c5pd/socket', 'PGPORT': '55450', 'PGUSER': 'user', 'PGDATABASE': 'payesh'}",Unmodified generated restore config boots and replays WAL for separate target.,1,108.764965,E3 LOCAL REAL BINARIES (not E4),ledger-committed-control.json
p10-target-start,172da62b63f70d406ffad69893851a01b042ffc4,"['pg_ctl', '-D', '/tmp/a8dr-pg-x693c5pd/restore/pitr-20260922-211645-8309/data', '-o', '-c config_file=/tmp/a8dr-pg-x693c5pd/restore/pitr-20260922-211645-8309/etc/postgresql.conf -c recovery_target_action=promote -c max_connections=100', '-l', '/tmp/a8dr-pg-x693c5pd/restore/pitr-20260922-211645-8309/target.log', '-w', 'start']","{'PGBACKREST_CONFIG': '/tmp/a8dr-pg-x693c5pd/pbr.conf', 'PGHOST': '/tmp/a8dr-pg-x693c5pd/socket', 'PGPORT': '55450', 'PGUSER': 'user', 'PGDATABASE': 'payesh'}","Setup/control: command performs stated operation; interpret stdout and independent semantic checks, not exit alone.",0,107.997886,E3 LOCAL REAL BINARIES (not E4),ledger-committed-control.json
p10-actual,172da62b63f70d406ffad69893851a01b042ffc4,"['psql', '-v', 'ON_ERROR_STOP=1', '-d', 'payesh', '-tAXc', ""SELECT count(*),md5(string_agg(users::text,'|' ORDER BY id)) FROM users""]","{'PGBACKREST_CONFIG': '/tmp/a8dr-pg-x693c5pd/pbr.conf', 'PGHOST': '/tmp/a8dr-pg-x693c5pd/restore/pitr-20260922-211645-8309/run', 'PGPORT': '55451', 'PGUSER': 'user', 'PGDATABASE': 'payesh'}",Dataset count/hash equal expected committed target manifest; see comparison JSON.,0,8.196786,E3 LOCAL REAL BINARIES (not E4),ledger-committed-control.json
p10-source-identity,172da62b63f70d406ffad69893851a01b042ffc4,"['psql', '-v', 'ON_ERROR_STOP=1', '-d', 'payesh', '-tAXc', ""SELECT current_database(),current_setting('data_directory'),system_identifier FROM pg_control_system()""]","{'PGBACKREST_CONFIG': '/tmp/a8dr-pg-x693c5pd/pbr.conf', 'PGHOST': '/tmp/a8dr-pg-x693c5pd/socket', 'PGPORT': '55450', 'PGUSER': 'user', 'PGDATABASE': 'payesh'}","Setup/control: command performs stated operation; interpret stdout and independent semantic checks, not exit alone.",0,7.073786,E3 LOCAL REAL BINARIES (not E4),ledger-committed-control.json
p10-target-identity,172da62b63f70d406ffad69893851a01b042ffc4,"['psql', '-v', 'ON_ERROR_STOP=1', '-d', 'payesh', '-tAXc', ""SELECT current_database(),current_setting('data_directory'),system_identifier FROM pg_control_system()""]","{'PGBACKREST_CONFIG': '/tmp/a8dr-pg-x693c5pd/pbr.conf', 'PGHOST': '/tmp/a8dr-pg-x693c5pd/restore/pitr-20260922-211645-8309/run', 'PGPORT': '55451', 'PGUSER': 'user', 'PGDATABASE': 'payesh'}","Setup/control: command performs stated operation; interpret stdout and independent semantic checks, not exit alone.",0,6.032887,E3 LOCAL REAL BINARIES (not E4),ledger-committed-control.json
p10-verify-correct,172da62b63f70d406ffad69893851a01b042ffc4,"['bash', 'tools/pitr-verify.sh']","{'PGBACKREST_CONFIG': '/tmp/a8dr-pg-x693c5pd/pbr.conf', 'PGHOST': '/tmp/a8dr-pg-x693c5pd/restore/pitr-20260922-211645-8309/run', 'PGPORT': '55451', 'PGUSER': 'user', 'PGDATABASE': 'payesh'}","Setup/control: command performs stated operation; interpret stdout and independent semantic checks, not exit alone.",0,69.096918,E3 LOCAL REAL BINARIES (not E4),ledger-committed-control.json
p10-verify-wrong-source,172da62b63f70d406ffad69893851a01b042ffc4,"['bash', 'tools/pitr-verify.sh']","{'PGBACKREST_CONFIG': '/tmp/a8dr-pg-x693c5pd/pbr.conf', 'PGHOST': '/tmp/a8dr-pg-x693c5pd/socket', 'PGPORT': '55450', 'PGUSER': 'user', 'PGDATABASE': 'payesh'}",Evidence gate must distinguish wrong target/dataset from approved restore target; current verifier lacks expected identity inputs.,0,65.718247,E3 LOCAL REAL BINARIES (not E4),ledger-committed-control.json
p10-verify-postgres-db,172da62b63f70d406ffad69893851a01b042ffc4,"['bash', 'tools/pitr-verify.sh']","{'PGBACKREST_CONFIG': '/tmp/a8dr-pg-x693c5pd/pbr.conf', 'PGHOST': '/tmp/a8dr-pg-x693c5pd/restore/pitr-20260922-211645-8309/run', 'PGPORT': '55451', 'PGUSER': 'user', 'PGDATABASE': 'postgres'}",Wrong database without required tables rejected; wrapper currently forces this DB.,1,61.646554,E3 LOCAL REAL BINARIES (not E4),ledger-committed-control.json
p10-promote-primary-guard,172da62b63f70d406ffad69893851a01b042ffc4,"['bash', 'tools/failover-postgres.sh', '--dry-run']","{'PGBACKREST_CONFIG': '/tmp/a8dr-pg-x693c5pd/pbr.conf', 'PGHOST': '/tmp/a8dr-pg-x693c5pd/restore/pitr-20260922-211645-8309/run', 'PGPORT': '55451', 'PGUSER': 'user', 'PGDATABASE': 'payesh'}",Already-primary target rejected.,1,8.123833,E3 LOCAL REAL BINARIES (not E4),ledger-committed-control.json
p10-basebackup,172da62b63f70d406ffad69893851a01b042ffc4,"['pg_basebackup', '-h', '/tmp/a8dr-pg-x693c5pd/socket', '-p', '55450', '-U', 'user', '-D', '/tmp/a8dr-pg-x693c5pd/standby', '-R', '-X', 'stream', '-c', 'fast']","{'PGBACKREST_CONFIG': '/tmp/a8dr-pg-x693c5pd/pbr.conf', 'PGHOST': '/tmp/a8dr-pg-x693c5pd/socket', 'PGPORT': '55450', 'PGUSER': 'user', 'PGDATABASE': 'payesh'}","Setup/control: command performs stated operation; interpret stdout and independent semantic checks, not exit alone.",0,57.831649,E3 LOCAL REAL BINARIES (not E4),ledger-committed-control.json
p10-standby-start,172da62b63f70d406ffad69893851a01b042ffc4,"['pg_ctl', '-D', '/tmp/a8dr-pg-x693c5pd/standby', '-o', '-p 55454 -k /tmp/a8dr-pg-x693c5pd/standby-socket -c archive_mode=off', '-l', '/tmp/a8dr-pg-x693c5pd/standby.log', '-w', 'start']","{'PGBACKREST_CONFIG': '/tmp/a8dr-pg-x693c5pd/pbr.conf', 'PGHOST': '/tmp/a8dr-pg-x693c5pd/socket', 'PGPORT': '55450', 'PGUSER': 'user', 'PGDATABASE': 'payesh'}","Setup/control: command performs stated operation; interpret stdout and independent semantic checks, not exit alone.",0,108.210897,E3 LOCAL REAL BINARIES (not E4),ledger-committed-control.json
p10-standby-before,172da62b63f70d406ffad69893851a01b042ffc4,"['psql', '-v', 'ON_ERROR_STOP=1', '-d', 'payesh', '-tAXc', ""SELECT pg_is_in_recovery(),count(*),md5(string_agg(users::text,'|' ORDER BY id)) FROM users""]","{'PGBACKREST_CONFIG': '/tmp/a8dr-pg-x693c5pd/pbr.conf', 'PGHOST': '/tmp/a8dr-pg-x693c5pd/standby-socket', 'PGPORT': '55454', 'PGUSER': 'user', 'PGDATABASE': 'payesh', 'OLD_PGHOST': '/tmp/a8dr-pg-x693c5pd/socket', 'OLD_PGPORT': '55450'}","Setup/control: command performs stated operation; interpret stdout and independent semantic checks, not exit alone.",0,10.071861,E3 LOCAL REAL BINARIES (not E4),ledger-committed-control.json
p10-stop-source,172da62b63f70d406ffad69893851a01b042ffc4,"['pg_ctl', '-D', '/tmp/a8dr-pg-x693c5pd/source', '-m', 'immediate', '-w', 'stop']","{'PGBACKREST_CONFIG': '/tmp/a8dr-pg-x693c5pd/pbr.conf', 'PGHOST': '/tmp/a8dr-pg-x693c5pd/socket', 'PGPORT': '55450', 'PGUSER': 'user', 'PGDATABASE': 'payesh'}","Setup/control: command performs stated operation; interpret stdout and independent semantic checks, not exit alone.",0,101.740102,E3 LOCAL REAL BINARIES (not E4),ledger-committed-control.json
p10-promote,172da62b63f70d406ffad69893851a01b042ffc4,"['bash', 'tools/failover-postgres.sh']","{'PGBACKREST_CONFIG': '/tmp/a8dr-pg-x693c5pd/pbr.conf', 'PGHOST': '/tmp/a8dr-pg-x693c5pd/standby-socket', 'PGPORT': '55454', 'PGUSER': 'user', 'PGDATABASE': 'payesh', 'OLD_PGHOST': '/tmp/a8dr-pg-x693c5pd/socket', 'OLD_PGPORT': '55450'}","Stopped old primary -> promote real standby; exit 0, correct role/data on independent query.",0,130.622441,E3 LOCAL REAL BINARIES (not E4),ledger-committed-control.json
p10-standby-after,172da62b63f70d406ffad69893851a01b042ffc4,"['psql', '-v', 'ON_ERROR_STOP=1', '-d', 'payesh', '-tAXc', ""SELECT pg_is_in_recovery(),count(*),md5(string_agg(users::text,'|' ORDER BY id)) FROM users""]","{'PGBACKREST_CONFIG': '/tmp/a8dr-pg-x693c5pd/pbr.conf', 'PGHOST': '/tmp/a8dr-pg-x693c5pd/standby-socket', 'PGPORT': '55454', 'PGUSER': 'user', 'PGDATABASE': 'payesh', 'OLD_PGHOST': '/tmp/a8dr-pg-x693c5pd/socket', 'OLD_PGPORT': '55450'}","Setup/control: command performs stated operation; interpret stdout and independent semantic checks, not exit alone.",0,6.280493,E3 LOCAL REAL BINARIES (not E4),ledger-committed-control.json
p10-stop-standby,172da62b63f70d406ffad69893851a01b042ffc4,"['pg_ctl', '-D', '/tmp/a8dr-pg-x693c5pd/standby', '-m', 'immediate', '-w', 'stop']","{'PGBACKREST_CONFIG': '/tmp/a8dr-pg-x693c5pd/pbr.conf', 'PGHOST': '/tmp/a8dr-pg-x693c5pd/socket', 'PGPORT': '55450', 'PGUSER': 'user', 'PGDATABASE': 'payesh'}","Setup/control: command performs stated operation; interpret stdout and independent semantic checks, not exit alone.",0,101.918011,E3 LOCAL REAL BINARIES (not E4),ledger-committed-control.json
p10-stop-data,172da62b63f70d406ffad69893851a01b042ffc4,"['pg_ctl', '-D', '/tmp/a8dr-pg-x693c5pd/restore/pitr-20260922-211645-8309/data', '-m', 'immediate', '-w', 'stop']","{'PGBACKREST_CONFIG': '/tmp/a8dr-pg-x693c5pd/pbr.conf', 'PGHOST': '/tmp/a8dr-pg-x693c5pd/socket', 'PGPORT': '55450', 'PGUSER': 'user', 'PGDATABASE': 'payesh'}","Setup/control: command performs stated operation; interpret stdout and independent semantic checks, not exit alone.",0,101.549934,E3 LOCAL REAL BINARIES (not E4),ledger-committed-control.json
versions,172da62b63f70d406ffad69893851a01b042ffc4,"['bash', '-c', 'psql --version; redis-server --version; pgbackrest version; uname -a; date -u +%FT%TZ']",{},"Setup/control: command performs stated operation; interpret stdout and independent semantic checks, not exit alone.",0,16.49086,E3 LOCAL REAL BINARIES (not E4),ledger-corruption-control.json
p7-init,172da62b63f70d406ffad69893851a01b042ffc4,"['initdb', '-D', '/tmp/a8dr-pg-68csddw3/source', '-A', 'trust', '--no-locale']",{},"Setup/control: command performs stated operation; interpret stdout and independent semantic checks, not exit alone.",0,316.720592,E3 LOCAL REAL BINARIES (not E4),ledger-corruption-control.json
p7-start,172da62b63f70d406ffad69893851a01b042ffc4,"['pg_ctl', '-D', '/tmp/a8dr-pg-68csddw3/source', '-l', '/tmp/a8dr-pg-68csddw3/source.log', '-w', 'start']","{'PGBACKREST_CONFIG': '/tmp/a8dr-pg-68csddw3/pbr.conf', 'PGHOST': '/tmp/a8dr-pg-68csddw3/socket', 'PGPORT': '55444', 'PGUSER': 'user', 'PGDATABASE': 'payesh'}","Setup/control: command performs stated operation; interpret stdout and independent semantic checks, not exit alone.",0,107.71771,E3 LOCAL REAL BINARIES (not E4),ledger-corruption-control.json
p7-create-db,172da62b63f70d406ffad69893851a01b042ffc4,"['psql', '-v', 'ON_ERROR_STOP=1', '-d', 'postgres', '-tAXc', 'CREATE DATABASE payesh']","{'PGBACKREST_CONFIG': '/tmp/a8dr-pg-68csddw3/pbr.conf', 'PGHOST': '/tmp/a8dr-pg-68csddw3/socket', 'PGPORT': '55444', 'PGUSER': 'user', 'PGDATABASE': 'payesh'}","Setup/control: command performs stated operation; interpret stdout and independent semantic checks, not exit alone.",0,22.234662,E3 LOCAL REAL BINARIES (not E4),ledger-corruption-control.json
p7-seed,172da62b63f70d406ffad69893851a01b042ffc4,"['psql', '-v', 'ON_ERROR_STOP=1', '-d', 'payesh', '-tAXc', ""CREATE TABLE users(id int primary key, value text); INSERT INTO users SELECT i,'run7-'||i FROM generate_series(1,10)i;CREATE TABLE schools(id int primary key, value text); INSERT INTO schools SELECT i,'run7-'||i FROM generate_series(1,10)i;CREATE TABLE classes(id int primary key, value text); INSERT INTO classes SELECT i,'run7-'||i FROM generate_series(1,10)i;CREATE TABLE grades(id int primary key, value text); INSERT INTO grades SELECT i,'run7-'||i FROM generate_series(1,10)i;CREATE TABLE attendance(id int primary key, value text); INSERT INTO attendance SELECT i,'run7-'||i FROM generate_series(1,10)i""]","{'PGBACKREST_CONFIG': '/tmp/a8dr-pg-68csddw3/pbr.conf', 'PGHOST': '/tmp/a8dr-pg-68csddw3/socket', 'PGPORT': '55444', 'PGUSER': 'user', 'PGDATABASE': 'payesh'}","Setup/control: command performs stated operation; interpret stdout and independent semantic checks, not exit alone.",0,10.725603,E3 LOCAL REAL BINARIES (not E4),ledger-corruption-control.json
p7-stanza,172da62b63f70d406ffad69893851a01b042ffc4,"['pgbackrest', '--stanza=payesh', 'stanza-create']","{'PGBACKREST_CONFIG': '/tmp/a8dr-pg-68csddw3/pbr.conf', 'PGHOST': '/tmp/a8dr-pg-68csddw3/socket', 'PGPORT': '55444', 'PGUSER': 'user', 'PGDATABASE': 'payesh'}","Setup/control: command performs stated operation; interpret stdout and independent semantic checks, not exit alone.",0,11.792907,E3 LOCAL REAL BINARIES (not E4),ledger-corruption-control.json
p7-backup,172da62b63f70d406ffad69893851a01b042ffc4,"['pgbackrest', '--stanza=payesh', '--type=full', 'backup']","{'PGBACKREST_CONFIG': '/tmp/a8dr-pg-68csddw3/pbr.conf', 'PGHOST': '/tmp/a8dr-pg-68csddw3/socket', 'PGPORT': '55444', 'PGUSER': 'user', 'PGDATABASE': 'payesh'}","Setup/control: command performs stated operation; interpret stdout and independent semantic checks, not exit alone.",0,1375.303279,E3 LOCAL REAL BINARIES (not E4),ledger-corruption-control.json
p7-info,172da62b63f70d406ffad69893851a01b042ffc4,"['pgbackrest', '--stanza=payesh', '--output=json', 'info']","{'PGBACKREST_CONFIG': '/tmp/a8dr-pg-68csddw3/pbr.conf', 'PGHOST': '/tmp/a8dr-pg-68csddw3/socket', 'PGPORT': '55444', 'PGUSER': 'user', 'PGDATABASE': 'payesh'}","Setup/control: command performs stated operation; interpret stdout and independent semantic checks, not exit alone.",0,5.740703,E3 LOCAL REAL BINARIES (not E4),ledger-corruption-control.json
p7-before-target,172da62b63f70d406ffad69893851a01b042ffc4,"['psql', '-v', 'ON_ERROR_STOP=1', '-d', 'payesh', '-tAXc', ""INSERT INTO users VALUES(11,'keep'); SELECT pg_create_restore_point('arena_target');""]","{'PGBACKREST_CONFIG': '/tmp/a8dr-pg-68csddw3/pbr.conf', 'PGHOST': '/tmp/a8dr-pg-68csddw3/socket', 'PGPORT': '55444', 'PGUSER': 'user', 'PGDATABASE': 'payesh'}","Setup/control: command performs stated operation; interpret stdout and independent semantic checks, not exit alone.",0,10.743791,E3 LOCAL REAL BINARIES (not E4),ledger-corruption-control.json
p7-expected,172da62b63f70d406ffad69893851a01b042ffc4,"['psql', '-v', 'ON_ERROR_STOP=1', '-d', 'payesh', '-tAXc', ""SELECT count(*),md5(string_agg(users::text,'|' ORDER BY id)) FROM users""]","{'PGBACKREST_CONFIG': '/tmp/a8dr-pg-68csddw3/pbr.conf', 'PGHOST': '/tmp/a8dr-pg-68csddw3/socket', 'PGPORT': '55444', 'PGUSER': 'user', 'PGDATABASE': 'payesh'}","Setup/control: command performs stated operation; interpret stdout and independent semantic checks, not exit alone.",0,6.694814,E3 LOCAL REAL BINARIES (not E4),ledger-corruption-control.json
p7-after-target,172da62b63f70d406ffad69893851a01b042ffc4,"['psql', '-v', 'ON_ERROR_STOP=1', '-d', 'payesh', '-tAXc', ""INSERT INTO users VALUES(12,'must-not-restore'); SELECT pg_switch_wal();""]","{'PGBACKREST_CONFIG': '/tmp/a8dr-pg-68csddw3/pbr.conf', 'PGHOST': '/tmp/a8dr-pg-68csddw3/socket', 'PGPORT': '55444', 'PGUSER': 'user', 'PGDATABASE': 'payesh'}","Setup/control: command performs stated operation; interpret stdout and independent semantic checks, not exit alone.",0,16.380104,E3 LOCAL REAL BINARIES (not E4),ledger-corruption-control.json
p7-archive-check,172da62b63f70d406ffad69893851a01b042ffc4,"['pgbackrest', '--stanza=payesh', 'check']","{'PGBACKREST_CONFIG': '/tmp/a8dr-pg-68csddw3/pbr.conf', 'PGHOST': '/tmp/a8dr-pg-68csddw3/socket', 'PGPORT': '55444', 'PGUSER': 'user', 'PGDATABASE': 'payesh'}","Setup/control: command performs stated operation; interpret stdout and independent semantic checks, not exit alone.",0,322.663126,E3 LOCAL REAL BINARIES (not E4),ledger-corruption-control.json
p7-restore-time,172da62b63f70d406ffad69893851a01b042ffc4,"['bash', 'tools/pitr-restore.sh', '--time', '2026-09-23 00:00:00+00', '--no-start', '--dest', '/tmp/a8dr-pg-68csddw3/time']","{'PGBACKREST_CONFIG': '/tmp/a8dr-pg-68csddw3/pbr.conf', 'PGHOST': '/tmp/a8dr-pg-68csddw3/socket', 'PGPORT': '55444', 'PGUSER': 'user', 'PGDATABASE': 'payesh'}",Timestamp remains single argv value; no command parsing failure. Actual recovery target availability checked separately.,48,12.090241,E3 LOCAL REAL BINARIES (not E4),ledger-corruption-control.json
p7-restore-latest,172da62b63f70d406ffad69893851a01b042ffc4,"['bash', 'tools/pitr-restore.sh', '--latest', '--no-start', '--dest', '/tmp/a8dr-pg-68csddw3/latest']","{'PGBACKREST_CONFIG': '/tmp/a8dr-pg-68csddw3/pbr.conf', 'PGHOST': '/tmp/a8dr-pg-68csddw3/socket', 'PGPORT': '55444', 'PGUSER': 'user', 'PGDATABASE': 'payesh'}",Documented latest option mapped to valid pgBackRest restore type.,32,12.002147,E3 LOCAL REAL BINARIES (not E4),ledger-corruption-control.json
p7-restore-native,172da62b63f70d406ffad69893851a01b042ffc4,"['bash', 'tools/pitr-restore.sh', '--native', '--time', '2026-09-23 00:00:00+00', '--no-start', '--dest', '/tmp/a8dr-pg-68csddw3/native']","{'PGBACKREST_CONFIG': '/tmp/a8dr-pg-68csddw3/pbr.conf', 'PGHOST': '/tmp/a8dr-pg-68csddw3/socket', 'PGPORT': '55444', 'PGUSER': 'user', 'PGDATABASE': 'payesh'}",Runbook documented command accepted; currently unsupported flag.,1,1.60821,E3 LOCAL REAL BINARIES (not E4),ledger-corruption-control.json
p7-restore-name,172da62b63f70d406ffad69893851a01b042ffc4,"['bash', 'tools/pitr-restore.sh', '--name', 'arena_target', '--no-start', '--dest', '/tmp/a8dr-pg-68csddw3/restore', '--port', '55445']","{'PGBACKREST_CONFIG': '/tmp/a8dr-pg-68csddw3/pbr.conf', 'PGHOST': '/tmp/a8dr-pg-68csddw3/socket', 'PGPORT': '55444', 'PGUSER': 'user', 'PGDATABASE': 'payesh'}",Named restore copies backup; no-start does NOT certify replay/promote.,0,306.344376,E3 LOCAL REAL BINARIES (not E4),ledger-corruption-control.json
p7-target-original-start,172da62b63f70d406ffad69893851a01b042ffc4,"['pg_ctl', '-D', '/tmp/a8dr-pg-68csddw3/restore/pitr-20260922-211500-6422/data', '-o', '-c config_file=/tmp/a8dr-pg-68csddw3/restore/pitr-20260922-211500-6422/etc/postgresql.conf', '-l', '/tmp/a8dr-pg-68csddw3/restore/pitr-20260922-211500-6422/original.log', '-w', 'start']","{'PGBACKREST_CONFIG': '/tmp/a8dr-pg-68csddw3/pbr.conf', 'PGHOST': '/tmp/a8dr-pg-68csddw3/socket', 'PGPORT': '55444', 'PGUSER': 'user', 'PGDATABASE': 'payesh'}",Unmodified generated restore config boots and replays WAL for separate target.,1,108.244066,E3 LOCAL REAL BINARIES (not E4),ledger-corruption-control.json
p7-target-start,172da62b63f70d406ffad69893851a01b042ffc4,"['pg_ctl', '-D', '/tmp/a8dr-pg-68csddw3/restore/pitr-20260922-211500-6422/data', '-o', '-c config_file=/tmp/a8dr-pg-68csddw3/restore/pitr-20260922-211500-6422/etc/postgresql.conf -c recovery_target_action=promote -c max_connections=100', '-l', '/tmp/a8dr-pg-68csddw3/restore/pitr-20260922-211500-6422/target.log', '-w', 'start']","{'PGBACKREST_CONFIG': '/tmp/a8dr-pg-68csddw3/pbr.conf', 'PGHOST': '/tmp/a8dr-pg-68csddw3/socket', 'PGPORT': '55444', 'PGUSER': 'user', 'PGDATABASE': 'payesh'}","Setup/control: command performs stated operation; interpret stdout and independent semantic checks, not exit alone.",0,108.649831,E3 LOCAL REAL BINARIES (not E4),ledger-corruption-control.json
p7-actual,172da62b63f70d406ffad69893851a01b042ffc4,"['psql', '-v', 'ON_ERROR_STOP=1', '-d', 'payesh', '-tAXc', ""SELECT count(*),md5(string_agg(users::text,'|' ORDER BY id)) FROM users""]","{'PGBACKREST_CONFIG': '/tmp/a8dr-pg-68csddw3/pbr.conf', 'PGHOST': '/tmp/a8dr-pg-68csddw3/restore/pitr-20260922-211500-6422/run', 'PGPORT': '55445', 'PGUSER': 'user', 'PGDATABASE': 'payesh'}",Dataset count/hash equal expected committed target manifest; see comparison JSON.,0,7.553219,E3 LOCAL REAL BINARIES (not E4),ledger-corruption-control.json
p7-source-identity,172da62b63f70d406ffad69893851a01b042ffc4,"['psql', '-v', 'ON_ERROR_STOP=1', '-d', 'payesh', '-tAXc', ""SELECT current_database(),current_setting('data_directory'),system_identifier FROM pg_control_system()""]","{'PGBACKREST_CONFIG': '/tmp/a8dr-pg-68csddw3/pbr.conf', 'PGHOST': '/tmp/a8dr-pg-68csddw3/socket', 'PGPORT': '55444', 'PGUSER': 'user', 'PGDATABASE': 'payesh'}","Setup/control: command performs stated operation; interpret stdout and independent semantic checks, not exit alone.",0,5.601285,E3 LOCAL REAL BINARIES (not E4),ledger-corruption-control.json
p7-target-identity,172da62b63f70d406ffad69893851a01b042ffc4,"['psql', '-v', 'ON_ERROR_STOP=1', '-d', 'payesh', '-tAXc', ""SELECT current_database(),current_setting('data_directory'),system_identifier FROM pg_control_system()""]","{'PGBACKREST_CONFIG': '/tmp/a8dr-pg-68csddw3/pbr.conf', 'PGHOST': '/tmp/a8dr-pg-68csddw3/restore/pitr-20260922-211500-6422/run', 'PGPORT': '55445', 'PGUSER': 'user', 'PGDATABASE': 'payesh'}","Setup/control: command performs stated operation; interpret stdout and independent semantic checks, not exit alone.",0,6.125934,E3 LOCAL REAL BINARIES (not E4),ledger-corruption-control.json
p7-verify-correct,172da62b63f70d406ffad69893851a01b042ffc4,"['bash', 'tools/pitr-verify.sh']","{'PGBACKREST_CONFIG': '/tmp/a8dr-pg-68csddw3/pbr.conf', 'PGHOST': '/tmp/a8dr-pg-68csddw3/restore/pitr-20260922-211500-6422/run', 'PGPORT': '55445', 'PGUSER': 'user', 'PGDATABASE': 'payesh'}","Setup/control: command performs stated operation; interpret stdout and independent semantic checks, not exit alone.",0,57.922441,E3 LOCAL REAL BINARIES (not E4),ledger-corruption-control.json
p7-verify-wrong-source,172da62b63f70d406ffad69893851a01b042ffc4,"['bash', 'tools/pitr-verify.sh']","{'PGBACKREST_CONFIG': '/tmp/a8dr-pg-68csddw3/pbr.conf', 'PGHOST': '/tmp/a8dr-pg-68csddw3/socket', 'PGPORT': '55444', 'PGUSER': 'user', 'PGDATABASE': 'payesh'}",Evidence gate must distinguish wrong target/dataset from approved restore target; current verifier lacks expected identity inputs.,0,58.737714,E3 LOCAL REAL BINARIES (not E4),ledger-corruption-control.json
p7-verify-postgres-db,172da62b63f70d406ffad69893851a01b042ffc4,"['bash', 'tools/pitr-verify.sh']","{'PGBACKREST_CONFIG': '/tmp/a8dr-pg-68csddw3/pbr.conf', 'PGHOST': '/tmp/a8dr-pg-68csddw3/restore/pitr-20260922-211500-6422/run', 'PGPORT': '55445', 'PGUSER': 'user', 'PGDATABASE': 'postgres'}",Wrong database without required tables rejected; wrapper currently forces this DB.,1,54.540457,E3 LOCAL REAL BINARIES (not E4),ledger-corruption-control.json
p7-promote-primary-guard,172da62b63f70d406ffad69893851a01b042ffc4,"['bash', 'tools/failover-postgres.sh', '--dry-run']","{'PGBACKREST_CONFIG': '/tmp/a8dr-pg-68csddw3/pbr.conf', 'PGHOST': '/tmp/a8dr-pg-68csddw3/restore/pitr-20260922-211500-6422/run', 'PGPORT': '55445', 'PGUSER': 'user', 'PGDATABASE': 'payesh'}",Already-primary target rejected.,1,6.450903,E3 LOCAL REAL BINARIES (not E4),ledger-corruption-control.json
p7-basebackup,172da62b63f70d406ffad69893851a01b042ffc4,"['pg_basebackup', '-h', '/tmp/a8dr-pg-68csddw3/socket', '-p', '55444', '-U', 'user', '-D', '/tmp/a8dr-pg-68csddw3/standby', '-R', '-X', 'stream', '-c', 'fast']","{'PGBACKREST_CONFIG': '/tmp/a8dr-pg-68csddw3/pbr.conf', 'PGHOST': '/tmp/a8dr-pg-68csddw3/socket', 'PGPORT': '55444', 'PGUSER': 'user', 'PGDATABASE': 'payesh'}","Setup/control: command performs stated operation; interpret stdout and independent semantic checks, not exit alone.",0,60.8378,E3 LOCAL REAL BINARIES (not E4),ledger-corruption-control.json
p7-standby-start,172da62b63f70d406ffad69893851a01b042ffc4,"['pg_ctl', '-D', '/tmp/a8dr-pg-68csddw3/standby', '-o', '-p 55448 -k /tmp/a8dr-pg-68csddw3/standby-socket -c archive_mode=off', '-l', '/tmp/a8dr-pg-68csddw3/standby.log', '-w', 'start']","{'PGBACKREST_CONFIG': '/tmp/a8dr-pg-68csddw3/pbr.conf', 'PGHOST': '/tmp/a8dr-pg-68csddw3/socket', 'PGPORT': '55444', 'PGUSER': 'user', 'PGDATABASE': 'payesh'}","Setup/control: command performs stated operation; interpret stdout and independent semantic checks, not exit alone.",0,106.922789,E3 LOCAL REAL BINARIES (not E4),ledger-corruption-control.json
p7-standby-before,172da62b63f70d406ffad69893851a01b042ffc4,"['psql', '-v', 'ON_ERROR_STOP=1', '-d', 'payesh', '-tAXc', ""SELECT pg_is_in_recovery(),count(*),md5(string_agg(users::text,'|' ORDER BY id)) FROM users""]","{'PGBACKREST_CONFIG': '/tmp/a8dr-pg-68csddw3/pbr.conf', 'PGHOST': '/tmp/a8dr-pg-68csddw3/standby-socket', 'PGPORT': '55448', 'PGUSER': 'user', 'PGDATABASE': 'payesh', 'OLD_PGHOST': '/tmp/a8dr-pg-68csddw3/socket', 'OLD_PGPORT': '55444'}","Setup/control: command performs stated operation; interpret stdout and independent semantic checks, not exit alone.",0,8.840603,E3 LOCAL REAL BINARIES (not E4),ledger-corruption-control.json
p7-stop-source,172da62b63f70d406ffad69893851a01b042ffc4,"['pg_ctl', '-D', '/tmp/a8dr-pg-68csddw3/source', '-m', 'immediate', '-w', 'stop']","{'PGBACKREST_CONFIG': '/tmp/a8dr-pg-68csddw3/pbr.conf', 'PGHOST': '/tmp/a8dr-pg-68csddw3/socket', 'PGPORT': '55444', 'PGUSER': 'user', 'PGDATABASE': 'payesh'}","Setup/control: command performs stated operation; interpret stdout and independent semantic checks, not exit alone.",0,101.70113,E3 LOCAL REAL BINARIES (not E4),ledger-corruption-control.json
p7-promote,172da62b63f70d406ffad69893851a01b042ffc4,"['bash', 'tools/failover-postgres.sh']","{'PGBACKREST_CONFIG': '/tmp/a8dr-pg-68csddw3/pbr.conf', 'PGHOST': '/tmp/a8dr-pg-68csddw3/standby-socket', 'PGPORT': '55448', 'PGUSER': 'user', 'PGDATABASE': 'payesh', 'OLD_PGHOST': '/tmp/a8dr-pg-68csddw3/socket', 'OLD_PGPORT': '55444'}","Stopped old primary -> promote real standby; exit 0, correct role/data on independent query.",0,126.439196,E3 LOCAL REAL BINARIES (not E4),ledger-corruption-control.json
p7-standby-after,172da62b63f70d406ffad69893851a01b042ffc4,"['psql', '-v', 'ON_ERROR_STOP=1', '-d', 'payesh', '-tAXc', ""SELECT pg_is_in_recovery(),count(*),md5(string_agg(users::text,'|' ORDER BY id)) FROM users""]","{'PGBACKREST_CONFIG': '/tmp/a8dr-pg-68csddw3/pbr.conf', 'PGHOST': '/tmp/a8dr-pg-68csddw3/standby-socket', 'PGPORT': '55448', 'PGUSER': 'user', 'PGDATABASE': 'payesh', 'OLD_PGHOST': '/tmp/a8dr-pg-68csddw3/socket', 'OLD_PGPORT': '55444'}","Setup/control: command performs stated operation; interpret stdout and independent semantic checks, not exit alone.",0,5.295192,E3 LOCAL REAL BINARIES (not E4),ledger-corruption-control.json
p7-verify-corrupt,172da62b63f70d406ffad69893851a01b042ffc4,"['pgbackrest', '--stanza=payesh', 'verify']","{'PGBACKREST_CONFIG': '/tmp/a8dr-pg-68csddw3/pbr.conf', 'PGHOST': '/tmp/a8dr-pg-68csddw3/socket', 'PGPORT': '55444', 'PGUSER': 'user', 'PGDATABASE': 'payesh'}",Semantic invalid/error reported; exit alone not authoritative.,0,271.840987,E3 LOCAL REAL BINARIES (not E4),ledger-corruption-control.json
p7-restore-corrupt,172da62b63f70d406ffad69893851a01b042ffc4,"['pgbackrest', '--stanza=payesh', '--pg1-path=/tmp/a8dr-pg-68csddw3/bad-target', '--type=immediate', 'restore']","{'PGBACKREST_CONFIG': '/tmp/a8dr-pg-68csddw3/pbr.conf', 'PGHOST': '/tmp/a8dr-pg-68csddw3/socket', 'PGPORT': '55444', 'PGUSER': 'user', 'PGDATABASE': 'payesh'}","Relevant nonempty corrupted archive data must fail restore. Earlier zero-data-file mutation is a disclosed ineffective control, not proof of bypass.",29,38143.042966,E3 LOCAL REAL BINARIES (not E4),ledger-corruption-control.json
p7-stop-standby,172da62b63f70d406ffad69893851a01b042ffc4,"['pg_ctl', '-D', '/tmp/a8dr-pg-68csddw3/standby', '-m', 'immediate', '-w', 'stop']","{'PGBACKREST_CONFIG': '/tmp/a8dr-pg-68csddw3/pbr.conf', 'PGHOST': '/tmp/a8dr-pg-68csddw3/socket', 'PGPORT': '55444', 'PGUSER': 'user', 'PGDATABASE': 'payesh'}","Setup/control: command performs stated operation; interpret stdout and independent semantic checks, not exit alone.",0,101.608186,E3 LOCAL REAL BINARIES (not E4),ledger-corruption-control.json
p7-stop-data,172da62b63f70d406ffad69893851a01b042ffc4,"['pg_ctl', '-D', '/tmp/a8dr-pg-68csddw3/restore/pitr-20260922-211500-6422/data', '-m', 'immediate', '-w', 'stop']","{'PGBACKREST_CONFIG': '/tmp/a8dr-pg-68csddw3/pbr.conf', 'PGHOST': '/tmp/a8dr-pg-68csddw3/socket', 'PGPORT': '55444', 'PGUSER': 'user', 'PGDATABASE': 'payesh'}","Setup/control: command performs stated operation; interpret stdout and independent semantic checks, not exit alone.",0,101.481089,E3 LOCAL REAL BINARIES (not E4),ledger-corruption-control.json
p8-init,172da62b63f70d406ffad69893851a01b042ffc4,"['initdb', '-D', '/tmp/a8dr-pg-afjnpgpv/source', '-A', 'trust', '--no-locale']",{},"Setup/control: command performs stated operation; interpret stdout and independent semantic checks, not exit alone.",0,325.890699,E3 LOCAL REAL BINARIES (not E4),ledger-corruption-control.json
p8-start,172da62b63f70d406ffad69893851a01b042ffc4,"['pg_ctl', '-D', '/tmp/a8dr-pg-afjnpgpv/source', '-l', '/tmp/a8dr-pg-afjnpgpv/source.log', '-w', 'start']","{'PGBACKREST_CONFIG': '/tmp/a8dr-pg-afjnpgpv/pbr.conf', 'PGHOST': '/tmp/a8dr-pg-afjnpgpv/socket', 'PGPORT': '55446', 'PGUSER': 'user', 'PGDATABASE': 'payesh'}","Setup/control: command performs stated operation; interpret stdout and independent semantic checks, not exit alone.",0,108.920502,E3 LOCAL REAL BINARIES (not E4),ledger-corruption-control.json
p8-create-db,172da62b63f70d406ffad69893851a01b042ffc4,"['psql', '-v', 'ON_ERROR_STOP=1', '-d', 'postgres', '-tAXc', 'CREATE DATABASE payesh']","{'PGBACKREST_CONFIG': '/tmp/a8dr-pg-afjnpgpv/pbr.conf', 'PGHOST': '/tmp/a8dr-pg-afjnpgpv/socket', 'PGPORT': '55446', 'PGUSER': 'user', 'PGDATABASE': 'payesh'}","Setup/control: command performs stated operation; interpret stdout and independent semantic checks, not exit alone.",0,21.549417,E3 LOCAL REAL BINARIES (not E4),ledger-corruption-control.json
p8-seed,172da62b63f70d406ffad69893851a01b042ffc4,"['psql', '-v', 'ON_ERROR_STOP=1', '-d', 'payesh', '-tAXc', ""CREATE TABLE users(id int primary key, value text); INSERT INTO users SELECT i,'run8-'||i FROM generate_series(1,10)i;CREATE TABLE schools(id int primary key, value text); INSERT INTO schools SELECT i,'run8-'||i FROM generate_series(1,10)i;CREATE TABLE classes(id int primary key, value text); INSERT INTO classes SELECT i,'run8-'||i FROM generate_series(1,10)i;CREATE TABLE grades(id int primary key, value text); INSERT INTO grades SELECT i,'run8-'||i FROM generate_series(1,10)i;CREATE TABLE attendance(id int primary key, value text); INSERT INTO attendance SELECT i,'run8-'||i FROM generate_series(1,10)i""]","{'PGBACKREST_CONFIG': '/tmp/a8dr-pg-afjnpgpv/pbr.conf', 'PGHOST': '/tmp/a8dr-pg-afjnpgpv/socket', 'PGPORT': '55446', 'PGUSER': 'user', 'PGDATABASE': 'payesh'}","Setup/control: command performs stated operation; interpret stdout and independent semantic checks, not exit alone.",0,9.83159,E3 LOCAL REAL BINARIES (not E4),ledger-corruption-control.json
p8-stanza,172da62b63f70d406ffad69893851a01b042ffc4,"['pgbackrest', '--stanza=payesh', 'stanza-create']","{'PGBACKREST_CONFIG': '/tmp/a8dr-pg-afjnpgpv/pbr.conf', 'PGHOST': '/tmp/a8dr-pg-afjnpgpv/socket', 'PGPORT': '55446', 'PGUSER': 'user', 'PGDATABASE': 'payesh'}","Setup/control: command performs stated operation; interpret stdout and independent semantic checks, not exit alone.",0,12.104986,E3 LOCAL REAL BINARIES (not E4),ledger-corruption-control.json
p8-backup,172da62b63f70d406ffad69893851a01b042ffc4,"['pgbackrest', '--stanza=payesh', '--type=full', 'backup']","{'PGBACKREST_CONFIG': '/tmp/a8dr-pg-afjnpgpv/pbr.conf', 'PGHOST': '/tmp/a8dr-pg-afjnpgpv/socket', 'PGPORT': '55446', 'PGUSER': 'user', 'PGDATABASE': 'payesh'}","Setup/control: command performs stated operation; interpret stdout and independent semantic checks, not exit alone.",0,2025.506412,E3 LOCAL REAL BINARIES (not E4),ledger-corruption-control.json
p8-info,172da62b63f70d406ffad69893851a01b042ffc4,"['pgbackrest', '--stanza=payesh', '--output=json', 'info']","{'PGBACKREST_CONFIG': '/tmp/a8dr-pg-afjnpgpv/pbr.conf', 'PGHOST': '/tmp/a8dr-pg-afjnpgpv/socket', 'PGPORT': '55446', 'PGUSER': 'user', 'PGDATABASE': 'payesh'}","Setup/control: command performs stated operation; interpret stdout and independent semantic checks, not exit alone.",0,6.263366,E3 LOCAL REAL BINARIES (not E4),ledger-corruption-control.json
p8-before-target,172da62b63f70d406ffad69893851a01b042ffc4,"['psql', '-v', 'ON_ERROR_STOP=1', '-d', 'payesh', '-tAXc', ""INSERT INTO users VALUES(11,'keep'); SELECT pg_create_restore_point('arena_target');""]","{'PGBACKREST_CONFIG': '/tmp/a8dr-pg-afjnpgpv/pbr.conf', 'PGHOST': '/tmp/a8dr-pg-afjnpgpv/socket', 'PGPORT': '55446', 'PGUSER': 'user', 'PGDATABASE': 'payesh'}","Setup/control: command performs stated operation; interpret stdout and independent semantic checks, not exit alone.",0,11.103392,E3 LOCAL REAL BINARIES (not E4),ledger-corruption-control.json
p8-expected,172da62b63f70d406ffad69893851a01b042ffc4,"['psql', '-v', 'ON_ERROR_STOP=1', '-d', 'payesh', '-tAXc', ""SELECT count(*),md5(string_agg(users::text,'|' ORDER BY id)) FROM users""]","{'PGBACKREST_CONFIG': '/tmp/a8dr-pg-afjnpgpv/pbr.conf', 'PGHOST': '/tmp/a8dr-pg-afjnpgpv/socket', 'PGPORT': '55446', 'PGUSER': 'user', 'PGDATABASE': 'payesh'}","Setup/control: command performs stated operation; interpret stdout and independent semantic checks, not exit alone.",0,9.041873,E3 LOCAL REAL BINARIES (not E4),ledger-corruption-control.json
p8-after-target,172da62b63f70d406ffad69893851a01b042ffc4,"['psql', '-v', 'ON_ERROR_STOP=1', '-d', 'payesh', '-tAXc', ""INSERT INTO users VALUES(12,'must-not-restore'); SELECT pg_switch_wal();""]","{'PGBACKREST_CONFIG': '/tmp/a8dr-pg-afjnpgpv/pbr.conf', 'PGHOST': '/tmp/a8dr-pg-afjnpgpv/socket', 'PGPORT': '55446', 'PGUSER': 'user', 'PGDATABASE': 'payesh'}","Setup/control: command performs stated operation; interpret stdout and independent semantic checks, not exit alone.",0,17.179432,E3 LOCAL REAL BINARIES (not E4),ledger-corruption-control.json
p8-archive-check,172da62b63f70d406ffad69893851a01b042ffc4,"['pgbackrest', '--stanza=payesh', 'check']","{'PGBACKREST_CONFIG': '/tmp/a8dr-pg-afjnpgpv/pbr.conf', 'PGHOST': '/tmp/a8dr-pg-afjnpgpv/socket', 'PGPORT': '55446', 'PGUSER': 'user', 'PGDATABASE': 'payesh'}","Setup/control: command performs stated operation; interpret stdout and independent semantic checks, not exit alone.",0,321.287566,E3 LOCAL REAL BINARIES (not E4),ledger-corruption-control.json
p8-restore-time,172da62b63f70d406ffad69893851a01b042ffc4,"['bash', 'tools/pitr-restore.sh', '--time', '2026-09-23 00:00:00+00', '--no-start', '--dest', '/tmp/a8dr-pg-afjnpgpv/time']","{'PGBACKREST_CONFIG': '/tmp/a8dr-pg-afjnpgpv/pbr.conf', 'PGHOST': '/tmp/a8dr-pg-afjnpgpv/socket', 'PGPORT': '55446', 'PGUSER': 'user', 'PGDATABASE': 'payesh'}",Timestamp remains single argv value; no command parsing failure. Actual recovery target availability checked separately.,48,11.364141,E3 LOCAL REAL BINARIES (not E4),ledger-corruption-control.json
p8-restore-latest,172da62b63f70d406ffad69893851a01b042ffc4,"['bash', 'tools/pitr-restore.sh', '--latest', '--no-start', '--dest', '/tmp/a8dr-pg-afjnpgpv/latest']","{'PGBACKREST_CONFIG': '/tmp/a8dr-pg-afjnpgpv/pbr.conf', 'PGHOST': '/tmp/a8dr-pg-afjnpgpv/socket', 'PGPORT': '55446', 'PGUSER': 'user', 'PGDATABASE': 'payesh'}",Documented latest option mapped to valid pgBackRest restore type.,32,11.824666,E3 LOCAL REAL BINARIES (not E4),ledger-corruption-control.json
p8-restore-native,172da62b63f70d406ffad69893851a01b042ffc4,"['bash', 'tools/pitr-restore.sh', '--native', '--time', '2026-09-23 00:00:00+00', '--no-start', '--dest', '/tmp/a8dr-pg-afjnpgpv/native']","{'PGBACKREST_CONFIG': '/tmp/a8dr-pg-afjnpgpv/pbr.conf', 'PGHOST': '/tmp/a8dr-pg-afjnpgpv/socket', 'PGPORT': '55446', 'PGUSER': 'user', 'PGDATABASE': 'payesh'}",Runbook documented command accepted; currently unsupported flag.,1,1.569066,E3 LOCAL REAL BINARIES (not E4),ledger-corruption-control.json
p8-restore-name,172da62b63f70d406ffad69893851a01b042ffc4,"['bash', 'tools/pitr-restore.sh', '--name', 'arena_target', '--no-start', '--dest', '/tmp/a8dr-pg-afjnpgpv/restore', '--port', '55447']","{'PGBACKREST_CONFIG': '/tmp/a8dr-pg-afjnpgpv/pbr.conf', 'PGHOST': '/tmp/a8dr-pg-afjnpgpv/socket', 'PGPORT': '55446', 'PGUSER': 'user', 'PGDATABASE': 'payesh'}",Named restore copies backup; no-start does NOT certify replay/promote.,0,295.503266,E3 LOCAL REAL BINARIES (not E4),ledger-corruption-control.json
p8-target-original-start,172da62b63f70d406ffad69893851a01b042ffc4,"['pg_ctl', '-D', '/tmp/a8dr-pg-afjnpgpv/restore/pitr-20260922-211543-7343/data', '-o', '-c config_file=/tmp/a8dr-pg-afjnpgpv/restore/pitr-20260922-211543-7343/etc/postgresql.conf', '-l', '/tmp/a8dr-pg-afjnpgpv/restore/pitr-20260922-211543-7343/original.log', '-w', 'start']","{'PGBACKREST_CONFIG': '/tmp/a8dr-pg-afjnpgpv/pbr.conf', 'PGHOST': '/tmp/a8dr-pg-afjnpgpv/socket', 'PGPORT': '55446', 'PGUSER': 'user', 'PGDATABASE': 'payesh'}",Unmodified generated restore config boots and replays WAL for separate target.,1,108.527641,E3 LOCAL REAL BINARIES (not E4),ledger-corruption-control.json
p8-target-start,172da62b63f70d406ffad69893851a01b042ffc4,"['pg_ctl', '-D', '/tmp/a8dr-pg-afjnpgpv/restore/pitr-20260922-211543-7343/data', '-o', '-c config_file=/tmp/a8dr-pg-afjnpgpv/restore/pitr-20260922-211543-7343/etc/postgresql.conf -c recovery_target_action=promote -c max_connections=100', '-l', '/tmp/a8dr-pg-afjnpgpv/restore/pitr-20260922-211543-7343/target.log', '-w', 'start']","{'PGBACKREST_CONFIG': '/tmp/a8dr-pg-afjnpgpv/pbr.conf', 'PGHOST': '/tmp/a8dr-pg-afjnpgpv/socket', 'PGPORT': '55446', 'PGUSER': 'user', 'PGDATABASE': 'payesh'}","Setup/control: command performs stated operation; interpret stdout and independent semantic checks, not exit alone.",0,108.118702,E3 LOCAL REAL BINARIES (not E4),ledger-corruption-control.json
p8-actual,172da62b63f70d406ffad69893851a01b042ffc4,"['psql', '-v', 'ON_ERROR_STOP=1', '-d', 'payesh', '-tAXc', ""SELECT count(*),md5(string_agg(users::text,'|' ORDER BY id)) FROM users""]","{'PGBACKREST_CONFIG': '/tmp/a8dr-pg-afjnpgpv/pbr.conf', 'PGHOST': '/tmp/a8dr-pg-afjnpgpv/restore/pitr-20260922-211543-7343/run', 'PGPORT': '55447', 'PGUSER': 'user', 'PGDATABASE': 'payesh'}",Dataset count/hash equal expected committed target manifest; see comparison JSON.,0,5.873265,E3 LOCAL REAL BINARIES (not E4),ledger-corruption-control.json
p8-source-identity,172da62b63f70d406ffad69893851a01b042ffc4,"['psql', '-v', 'ON_ERROR_STOP=1', '-d', 'payesh', '-tAXc', ""SELECT current_database(),current_setting('data_directory'),system_identifier FROM pg_control_system()""]","{'PGBACKREST_CONFIG': '/tmp/a8dr-pg-afjnpgpv/pbr.conf', 'PGHOST': '/tmp/a8dr-pg-afjnpgpv/socket', 'PGPORT': '55446', 'PGUSER': 'user', 'PGDATABASE': 'payesh'}","Setup/control: command performs stated operation; interpret stdout and independent semantic checks, not exit alone.",0,5.294318,E3 LOCAL REAL BINARIES (not E4),ledger-corruption-control.json
p8-target-identity,172da62b63f70d406ffad69893851a01b042ffc4,"['psql', '-v', 'ON_ERROR_STOP=1', '-d', 'payesh', '-tAXc', ""SELECT current_database(),current_setting('data_directory'),system_identifier FROM pg_control_system()""]","{'PGBACKREST_CONFIG': '/tmp/a8dr-pg-afjnpgpv/pbr.conf', 'PGHOST': '/tmp/a8dr-pg-afjnpgpv/restore/pitr-20260922-211543-7343/run', 'PGPORT': '55447', 'PGUSER': 'user', 'PGDATABASE': 'payesh'}","Setup/control: command performs stated operation; interpret stdout and independent semantic checks, not exit alone.",0,5.145331,E3 LOCAL REAL BINARIES (not E4),ledger-corruption-control.json
p8-verify-correct,172da62b63f70d406ffad69893851a01b042ffc4,"['bash', 'tools/pitr-verify.sh']","{'PGBACKREST_CONFIG': '/tmp/a8dr-pg-afjnpgpv/pbr.conf', 'PGHOST': '/tmp/a8dr-pg-afjnpgpv/restore/pitr-20260922-211543-7343/run', 'PGPORT': '55447', 'PGUSER': 'user', 'PGDATABASE': 'payesh'}","Setup/control: command performs stated operation; interpret stdout and independent semantic checks, not exit alone.",0,57.591645,E3 LOCAL REAL BINARIES (not E4),ledger-corruption-control.json
p8-verify-wrong-source,172da62b63f70d406ffad69893851a01b042ffc4,"['bash', 'tools/pitr-verify.sh']","{'PGBACKREST_CONFIG': '/tmp/a8dr-pg-afjnpgpv/pbr.conf', 'PGHOST': '/tmp/a8dr-pg-afjnpgpv/socket', 'PGPORT': '55446', 'PGUSER': 'user', 'PGDATABASE': 'payesh'}",Evidence gate must distinguish wrong target/dataset from approved restore target; current verifier lacks expected identity inputs.,0,58.15024,E3 LOCAL REAL BINARIES (not E4),ledger-corruption-control.json
p8-verify-postgres-db,172da62b63f70d406ffad69893851a01b042ffc4,"['bash', 'tools/pitr-verify.sh']","{'PGBACKREST_CONFIG': '/tmp/a8dr-pg-afjnpgpv/pbr.conf', 'PGHOST': '/tmp/a8dr-pg-afjnpgpv/restore/pitr-20260922-211543-7343/run', 'PGPORT': '55447', 'PGUSER': 'user', 'PGDATABASE': 'postgres'}",Wrong database without required tables rejected; wrapper currently forces this DB.,1,54.213104,E3 LOCAL REAL BINARIES (not E4),ledger-corruption-control.json
p8-promote-primary-guard,172da62b63f70d406ffad69893851a01b042ffc4,"['bash', 'tools/failover-postgres.sh', '--dry-run']","{'PGBACKREST_CONFIG': '/tmp/a8dr-pg-afjnpgpv/pbr.conf', 'PGHOST': '/tmp/a8dr-pg-afjnpgpv/restore/pitr-20260922-211543-7343/run', 'PGPORT': '55447', 'PGUSER': 'user', 'PGDATABASE': 'payesh'}",Already-primary target rejected.,1,6.666805,E3 LOCAL REAL BINARIES (not E4),ledger-corruption-control.json
p8-basebackup,172da62b63f70d406ffad69893851a01b042ffc4,"['pg_basebackup', '-h', '/tmp/a8dr-pg-afjnpgpv/socket', '-p', '55446', '-U', 'user', '-D', '/tmp/a8dr-pg-afjnpgpv/standby', '-R', '-X', 'stream', '-c', 'fast']","{'PGBACKREST_CONFIG': '/tmp/a8dr-pg-afjnpgpv/pbr.conf', 'PGHOST': '/tmp/a8dr-pg-afjnpgpv/socket', 'PGPORT': '55446', 'PGUSER': 'user', 'PGDATABASE': 'payesh'}","Setup/control: command performs stated operation; interpret stdout and independent semantic checks, not exit alone.",0,63.285193,E3 LOCAL REAL BINARIES (not E4),ledger-corruption-control.json
p8-standby-start,172da62b63f70d406ffad69893851a01b042ffc4,"['pg_ctl', '-D', '/tmp/a8dr-pg-afjnpgpv/standby', '-o', '-p 55450 -k /tmp/a8dr-pg-afjnpgpv/standby-socket -c archive_mode=off', '-l', '/tmp/a8dr-pg-afjnpgpv/standby.log', '-w', 'start']","{'PGBACKREST_CONFIG': '/tmp/a8dr-pg-afjnpgpv/pbr.conf', 'PGHOST': '/tmp/a8dr-pg-afjnpgpv/socket', 'PGPORT': '55446', 'PGUSER': 'user', 'PGDATABASE': 'payesh'}","Setup/control: command performs stated operation; interpret stdout and independent semantic checks, not exit alone.",0,107.592922,E3 LOCAL REAL BINARIES (not E4),ledger-corruption-control.json
p8-standby-before,172da62b63f70d406ffad69893851a01b042ffc4,"['psql', '-v', 'ON_ERROR_STOP=1', '-d', 'payesh', '-tAXc', ""SELECT pg_is_in_recovery(),count(*),md5(string_agg(users::text,'|' ORDER BY id)) FROM users""]","{'PGBACKREST_CONFIG': '/tmp/a8dr-pg-afjnpgpv/pbr.conf', 'PGHOST': '/tmp/a8dr-pg-afjnpgpv/standby-socket', 'PGPORT': '55450', 'PGUSER': 'user', 'PGDATABASE': 'payesh', 'OLD_PGHOST': '/tmp/a8dr-pg-afjnpgpv/socket', 'OLD_PGPORT': '55446'}","Setup/control: command performs stated operation; interpret stdout and independent semantic checks, not exit alone.",0,9.099756,E3 LOCAL REAL BINARIES (not E4),ledger-corruption-control.json
p8-stop-source,172da62b63f70d406ffad69893851a01b042ffc4,"['pg_ctl', '-D', '/tmp/a8dr-pg-afjnpgpv/source', '-m', 'immediate', '-w', 'stop']","{'PGBACKREST_CONFIG': '/tmp/a8dr-pg-afjnpgpv/pbr.conf', 'PGHOST': '/tmp/a8dr-pg-afjnpgpv/socket', 'PGPORT': '55446', 'PGUSER': 'user', 'PGDATABASE': 'payesh'}","Setup/control: command performs stated operation; interpret stdout and independent semantic checks, not exit alone.",0,102.217677,E3 LOCAL REAL BINARIES (not E4),ledger-corruption-control.json
p8-promote,172da62b63f70d406ffad69893851a01b042ffc4,"['bash', 'tools/failover-postgres.sh']","{'PGBACKREST_CONFIG': '/tmp/a8dr-pg-afjnpgpv/pbr.conf', 'PGHOST': '/tmp/a8dr-pg-afjnpgpv/standby-socket', 'PGPORT': '55450', 'PGUSER': 'user', 'PGDATABASE': 'payesh', 'OLD_PGHOST': '/tmp/a8dr-pg-afjnpgpv/socket', 'OLD_PGPORT': '55446'}","Stopped old primary -> promote real standby; exit 0, correct role/data on independent query.",0,125.031479,E3 LOCAL REAL BINARIES (not E4),ledger-corruption-control.json
p8-standby-after,172da62b63f70d406ffad69893851a01b042ffc4,"['psql', '-v', 'ON_ERROR_STOP=1', '-d', 'payesh', '-tAXc', ""SELECT pg_is_in_recovery(),count(*),md5(string_agg(users::text,'|' ORDER BY id)) FROM users""]","{'PGBACKREST_CONFIG': '/tmp/a8dr-pg-afjnpgpv/pbr.conf', 'PGHOST': '/tmp/a8dr-pg-afjnpgpv/standby-socket', 'PGPORT': '55450', 'PGUSER': 'user', 'PGDATABASE': 'payesh', 'OLD_PGHOST': '/tmp/a8dr-pg-afjnpgpv/socket', 'OLD_PGPORT': '55446'}","Setup/control: command performs stated operation; interpret stdout and independent semantic checks, not exit alone.",0,5.392679,E3 LOCAL REAL BINARIES (not E4),ledger-corruption-control.json
p8-verify-corrupt,172da62b63f70d406ffad69893851a01b042ffc4,"['pgbackrest', '--stanza=payesh', 'verify']","{'PGBACKREST_CONFIG': '/tmp/a8dr-pg-afjnpgpv/pbr.conf', 'PGHOST': '/tmp/a8dr-pg-afjnpgpv/socket', 'PGPORT': '55446', 'PGUSER': 'user', 'PGDATABASE': 'payesh'}",Semantic invalid/error reported; exit alone not authoritative.,0,267.413491,E3 LOCAL REAL BINARIES (not E4),ledger-corruption-control.json
p8-restore-corrupt,172da62b63f70d406ffad69893851a01b042ffc4,"['pgbackrest', '--stanza=payesh', '--pg1-path=/tmp/a8dr-pg-afjnpgpv/bad-target', '--type=immediate', 'restore']","{'PGBACKREST_CONFIG': '/tmp/a8dr-pg-afjnpgpv/pbr.conf', 'PGHOST': '/tmp/a8dr-pg-afjnpgpv/socket', 'PGPORT': '55446', 'PGUSER': 'user', 'PGDATABASE': 'payesh'}","Relevant nonempty corrupted archive data must fail restore. Earlier zero-data-file mutation is a disclosed ineffective control, not proof of bypass.",29,15142.710444,E3 LOCAL REAL BINARIES (not E4),ledger-corruption-control.json
p8-stop-standby,172da62b63f70d406ffad69893851a01b042ffc4,"['pg_ctl', '-D', '/tmp/a8dr-pg-afjnpgpv/standby', '-m', 'immediate', '-w', 'stop']","{'PGBACKREST_CONFIG': '/tmp/a8dr-pg-afjnpgpv/pbr.conf', 'PGHOST': '/tmp/a8dr-pg-afjnpgpv/socket', 'PGPORT': '55446', 'PGUSER': 'user', 'PGDATABASE': 'payesh'}","Setup/control: command performs stated operation; interpret stdout and independent semantic checks, not exit alone.",0,101.714012,E3 LOCAL REAL BINARIES (not E4),ledger-corruption-control.json
p8-stop-data,172da62b63f70d406ffad69893851a01b042ffc4,"['pg_ctl', '-D', '/tmp/a8dr-pg-afjnpgpv/restore/pitr-20260922-211543-7343/data', '-m', 'immediate', '-w', 'stop']","{'PGBACKREST_CONFIG': '/tmp/a8dr-pg-afjnpgpv/pbr.conf', 'PGHOST': '/tmp/a8dr-pg-afjnpgpv/socket', 'PGPORT': '55446', 'PGUSER': 'user', 'PGDATABASE': 'payesh'}","Setup/control: command performs stated operation; interpret stdout and independent semantic checks, not exit alone.",0,101.7119,E3 LOCAL REAL BINARIES (not E4),ledger-corruption-control.json
versions,172da62b63f70d406ffad69893851a01b042ffc4,"['bash', '-c', 'psql --version; redis-server --version; pgbackrest version; uname -a; date -u +%FT%TZ']",{},"Setup/control: command performs stated operation; interpret stdout and independent semantic checks, not exit alone.",0,17.284337,E3 LOCAL REAL BINARIES (not E4),ledger-final-lab.json
p5-init,172da62b63f70d406ffad69893851a01b042ffc4,"['initdb', '-D', '/tmp/a8dr-pg-6cn4x7la/source', '-A', 'trust', '--no-locale']",{},"Setup/control: command performs stated operation; interpret stdout and independent semantic checks, not exit alone.",0,309.083023,E3 LOCAL REAL BINARIES (not E4),ledger-final-lab.json
p5-start,172da62b63f70d406ffad69893851a01b042ffc4,"['pg_ctl', '-D', '/tmp/a8dr-pg-6cn4x7la/source', '-l', '/tmp/a8dr-pg-6cn4x7la/source.log', '-w', 'start']","{'PGBACKREST_CONFIG': '/tmp/a8dr-pg-6cn4x7la/pbr.conf', 'PGHOST': '/tmp/a8dr-pg-6cn4x7la/socket', 'PGPORT': '55440', 'PGUSER': 'user', 'PGDATABASE': 'payesh'}","Setup/control: command performs stated operation; interpret stdout and independent semantic checks, not exit alone.",0,107.629257,E3 LOCAL REAL BINARIES (not E4),ledger-final-lab.json
p5-create-db,172da62b63f70d406ffad69893851a01b042ffc4,"['psql', '-v', 'ON_ERROR_STOP=1', '-d', 'postgres', '-tAXc', 'CREATE DATABASE payesh']","{'PGBACKREST_CONFIG': '/tmp/a8dr-pg-6cn4x7la/pbr.conf', 'PGHOST': '/tmp/a8dr-pg-6cn4x7la/socket', 'PGPORT': '55440', 'PGUSER': 'user', 'PGDATABASE': 'payesh'}","Setup/control: command performs stated operation; interpret stdout and independent semantic checks, not exit alone.",0,18.448767,E3 LOCAL REAL BINARIES (not E4),ledger-final-lab.json
p5-seed,172da62b63f70d406ffad69893851a01b042ffc4,"['psql', '-v', 'ON_ERROR_STOP=1', '-d', 'payesh', '-tAXc', ""CREATE TABLE users(id int primary key, value text); INSERT INTO users SELECT i,'run5-'||i FROM generate_series(1,10)i;CREATE TABLE schools(id int primary key, value text); INSERT INTO schools SELECT i,'run5-'||i FROM generate_series(1,10)i;CREATE TABLE classes(id int primary key, value text); INSERT INTO classes SELECT i,'run5-'||i FROM generate_series(1,10)i;CREATE TABLE grades(id int primary key, value text); INSERT INTO grades SELECT i,'run5-'||i FROM generate_series(1,10)i;CREATE TABLE attendance(id int primary key, value text); INSERT INTO attendance SELECT i,'run5-'||i FROM generate_series(1,10)i""]","{'PGBACKREST_CONFIG': '/tmp/a8dr-pg-6cn4x7la/pbr.conf', 'PGHOST': '/tmp/a8dr-pg-6cn4x7la/socket', 'PGPORT': '55440', 'PGUSER': 'user', 'PGDATABASE': 'payesh'}","Setup/control: command performs stated operation; interpret stdout and independent semantic checks, not exit alone.",0,9.405087,E3 LOCAL REAL BINARIES (not E4),ledger-final-lab.json
p5-stanza,172da62b63f70d406ffad69893851a01b042ffc4,"['pgbackrest', '--stanza=payesh', 'stanza-create']","{'PGBACKREST_CONFIG': '/tmp/a8dr-pg-6cn4x7la/pbr.conf', 'PGHOST': '/tmp/a8dr-pg-6cn4x7la/socket', 'PGPORT': '55440', 'PGUSER': 'user', 'PGDATABASE': 'payesh'}","Setup/control: command performs stated operation; interpret stdout and independent semantic checks, not exit alone.",0,9.888842,E3 LOCAL REAL BINARIES (not E4),ledger-final-lab.json
p5-backup,172da62b63f70d406ffad69893851a01b042ffc4,"['pgbackrest', '--stanza=payesh', '--type=full', 'backup']","{'PGBACKREST_CONFIG': '/tmp/a8dr-pg-6cn4x7la/pbr.conf', 'PGHOST': '/tmp/a8dr-pg-6cn4x7la/socket', 'PGPORT': '55440', 'PGUSER': 'user', 'PGDATABASE': 'payesh'}","Setup/control: command performs stated operation; interpret stdout and independent semantic checks, not exit alone.",0,1753.425843,E3 LOCAL REAL BINARIES (not E4),ledger-final-lab.json
p5-info,172da62b63f70d406ffad69893851a01b042ffc4,"['pgbackrest', '--stanza=payesh', '--output=json', 'info']","{'PGBACKREST_CONFIG': '/tmp/a8dr-pg-6cn4x7la/pbr.conf', 'PGHOST': '/tmp/a8dr-pg-6cn4x7la/socket', 'PGPORT': '55440', 'PGUSER': 'user', 'PGDATABASE': 'payesh'}","Setup/control: command performs stated operation; interpret stdout and independent semantic checks, not exit alone.",0,5.164083,E3 LOCAL REAL BINARIES (not E4),ledger-final-lab.json
p5-before-target,172da62b63f70d406ffad69893851a01b042ffc4,"['psql', '-v', 'ON_ERROR_STOP=1', '-d', 'payesh', '-tAXc', ""INSERT INTO users VALUES(11,'keep'); SELECT pg_create_restore_point('arena_target');""]","{'PGBACKREST_CONFIG': '/tmp/a8dr-pg-6cn4x7la/pbr.conf', 'PGHOST': '/tmp/a8dr-pg-6cn4x7la/socket', 'PGPORT': '55440', 'PGUSER': 'user', 'PGDATABASE': 'payesh'}","Setup/control: command performs stated operation; interpret stdout and independent semantic checks, not exit alone.",0,9.595406,E3 LOCAL REAL BINARIES (not E4),ledger-final-lab.json
p5-expected,172da62b63f70d406ffad69893851a01b042ffc4,"['psql', '-v', 'ON_ERROR_STOP=1', '-d', 'payesh', '-tAXc', ""SELECT count(*),md5(string_agg(users::text,'|' ORDER BY id)) FROM users""]","{'PGBACKREST_CONFIG': '/tmp/a8dr-pg-6cn4x7la/pbr.conf', 'PGHOST': '/tmp/a8dr-pg-6cn4x7la/socket', 'PGPORT': '55440', 'PGUSER': 'user', 'PGDATABASE': 'payesh'}","Setup/control: command performs stated operation; interpret stdout and independent semantic checks, not exit alone.",0,5.853631,E3 LOCAL REAL BINARIES (not E4),ledger-final-lab.json
p5-after-target,172da62b63f70d406ffad69893851a01b042ffc4,"['psql', '-v', 'ON_ERROR_STOP=1', '-d', 'payesh', '-tAXc', ""INSERT INTO users VALUES(12,'must-not-restore'); SELECT pg_switch_wal();""]","{'PGBACKREST_CONFIG': '/tmp/a8dr-pg-6cn4x7la/pbr.conf', 'PGHOST': '/tmp/a8dr-pg-6cn4x7la/socket', 'PGPORT': '55440', 'PGUSER': 'user', 'PGDATABASE': 'payesh'}","Setup/control: command performs stated operation; interpret stdout and independent semantic checks, not exit alone.",0,14.426459,E3 LOCAL REAL BINARIES (not E4),ledger-final-lab.json
p5-archive-check,172da62b63f70d406ffad69893851a01b042ffc4,"['pgbackrest', '--stanza=payesh', 'check']","{'PGBACKREST_CONFIG': '/tmp/a8dr-pg-6cn4x7la/pbr.conf', 'PGHOST': '/tmp/a8dr-pg-6cn4x7la/socket', 'PGPORT': '55440', 'PGUSER': 'user', 'PGDATABASE': 'payesh'}","Setup/control: command performs stated operation; interpret stdout and independent semantic checks, not exit alone.",0,316.756332,E3 LOCAL REAL BINARIES (not E4),ledger-final-lab.json
p5-restore-time,172da62b63f70d406ffad69893851a01b042ffc4,"['bash', 'tools/pitr-restore.sh', '--time', '2026-09-23 00:00:00+00', '--no-start', '--dest', '/tmp/a8dr-pg-6cn4x7la/time']","{'PGBACKREST_CONFIG': '/tmp/a8dr-pg-6cn4x7la/pbr.conf', 'PGHOST': '/tmp/a8dr-pg-6cn4x7la/socket', 'PGPORT': '55440', 'PGUSER': 'user', 'PGDATABASE': 'payesh'}",Timestamp remains single argv value; no command parsing failure. Actual recovery target availability checked separately.,48,11.687716,E3 LOCAL REAL BINARIES (not E4),ledger-final-lab.json
p5-restore-latest,172da62b63f70d406ffad69893851a01b042ffc4,"['bash', 'tools/pitr-restore.sh', '--latest', '--no-start', '--dest', '/tmp/a8dr-pg-6cn4x7la/latest']","{'PGBACKREST_CONFIG': '/tmp/a8dr-pg-6cn4x7la/pbr.conf', 'PGHOST': '/tmp/a8dr-pg-6cn4x7la/socket', 'PGPORT': '55440', 'PGUSER': 'user', 'PGDATABASE': 'payesh'}",Documented latest option mapped to valid pgBackRest restore type.,32,11.616676,E3 LOCAL REAL BINARIES (not E4),ledger-final-lab.json
p5-restore-native,172da62b63f70d406ffad69893851a01b042ffc4,"['bash', 'tools/pitr-restore.sh', '--native', '--time', '2026-09-23 00:00:00+00', '--no-start', '--dest', '/tmp/a8dr-pg-6cn4x7la/native']","{'PGBACKREST_CONFIG': '/tmp/a8dr-pg-6cn4x7la/pbr.conf', 'PGHOST': '/tmp/a8dr-pg-6cn4x7la/socket', 'PGPORT': '55440', 'PGUSER': 'user', 'PGDATABASE': 'payesh'}",Runbook documented command accepted; currently unsupported flag.,1,2.717331,E3 LOCAL REAL BINARIES (not E4),ledger-final-lab.json
p5-restore-name,172da62b63f70d406ffad69893851a01b042ffc4,"['bash', 'tools/pitr-restore.sh', '--name', 'arena_target', '--no-start', '--dest', '/tmp/a8dr-pg-6cn4x7la/restore', '--port', '55441']","{'PGBACKREST_CONFIG': '/tmp/a8dr-pg-6cn4x7la/pbr.conf', 'PGHOST': '/tmp/a8dr-pg-6cn4x7la/socket', 'PGPORT': '55440', 'PGUSER': 'user', 'PGDATABASE': 'payesh'}",Named restore copies backup; no-start does NOT certify replay/promote.,0,284.887462,E3 LOCAL REAL BINARIES (not E4),ledger-final-lab.json
p5-target-original-start,172da62b63f70d406ffad69893851a01b042ffc4,"['pg_ctl', '-D', '/tmp/a8dr-pg-6cn4x7la/restore/pitr-20260922-211337-5669/data', '-o', '-c config_file=/tmp/a8dr-pg-6cn4x7la/restore/pitr-20260922-211337-5669/etc/postgresql.conf', '-l', '/tmp/a8dr-pg-6cn4x7la/restore/pitr-20260922-211337-5669/original.log', '-w', 'start']","{'PGBACKREST_CONFIG': '/tmp/a8dr-pg-6cn4x7la/pbr.conf', 'PGHOST': '/tmp/a8dr-pg-6cn4x7la/socket', 'PGPORT': '55440', 'PGUSER': 'user', 'PGDATABASE': 'payesh'}",Unmodified generated restore config boots and replays WAL for separate target.,1,108.112502,E3 LOCAL REAL BINARIES (not E4),ledger-final-lab.json
p5-target-start,172da62b63f70d406ffad69893851a01b042ffc4,"['pg_ctl', '-D', '/tmp/a8dr-pg-6cn4x7la/restore/pitr-20260922-211337-5669/data', '-o', '-c config_file=/tmp/a8dr-pg-6cn4x7la/restore/pitr-20260922-211337-5669/etc/postgresql.conf -c recovery_target_action=promote -c max_connections=100', '-l', '/tmp/a8dr-pg-6cn4x7la/restore/pitr-20260922-211337-5669/target.log', '-w', 'start']","{'PGBACKREST_CONFIG': '/tmp/a8dr-pg-6cn4x7la/pbr.conf', 'PGHOST': '/tmp/a8dr-pg-6cn4x7la/socket', 'PGPORT': '55440', 'PGUSER': 'user', 'PGDATABASE': 'payesh'}","Setup/control: command performs stated operation; interpret stdout and independent semantic checks, not exit alone.",0,108.783723,E3 LOCAL REAL BINARIES (not E4),ledger-final-lab.json
p5-actual,172da62b63f70d406ffad69893851a01b042ffc4,"['psql', '-v', 'ON_ERROR_STOP=1', '-d', 'payesh', '-tAXc', ""SELECT count(*),md5(string_agg(users::text,'|' ORDER BY id)) FROM users""]","{'PGBACKREST_CONFIG': '/tmp/a8dr-pg-6cn4x7la/pbr.conf', 'PGHOST': '/tmp/a8dr-pg-6cn4x7la/restore/pitr-20260922-211337-5669/run', 'PGPORT': '55441', 'PGUSER': 'user', 'PGDATABASE': 'payesh'}",Dataset count/hash equal expected committed target manifest; see comparison JSON.,0,6.062108,E3 LOCAL REAL BINARIES (not E4),ledger-final-lab.json
p5-source-identity,172da62b63f70d406ffad69893851a01b042ffc4,"['psql', '-v', 'ON_ERROR_STOP=1', '-d', 'payesh', '-tAXc', ""SELECT current_database(),current_setting('data_directory'),system_identifier FROM pg_control_system()""]","{'PGBACKREST_CONFIG': '/tmp/a8dr-pg-6cn4x7la/pbr.conf', 'PGHOST': '/tmp/a8dr-pg-6cn4x7la/socket', 'PGPORT': '55440', 'PGUSER': 'user', 'PGDATABASE': 'payesh'}","Setup/control: command performs stated operation; interpret stdout and independent semantic checks, not exit alone.",0,5.599051,E3 LOCAL REAL BINARIES (not E4),ledger-final-lab.json
p5-target-identity,172da62b63f70d406ffad69893851a01b042ffc4,"['psql', '-v', 'ON_ERROR_STOP=1', '-d', 'payesh', '-tAXc', ""SELECT current_database(),current_setting('data_directory'),system_identifier FROM pg_control_system()""]","{'PGBACKREST_CONFIG': '/tmp/a8dr-pg-6cn4x7la/pbr.conf', 'PGHOST': '/tmp/a8dr-pg-6cn4x7la/restore/pitr-20260922-211337-5669/run', 'PGPORT': '55441', 'PGUSER': 'user', 'PGDATABASE': 'payesh'}","Setup/control: command performs stated operation; interpret stdout and independent semantic checks, not exit alone.",0,5.941244,E3 LOCAL REAL BINARIES (not E4),ledger-final-lab.json
p5-verify-correct,172da62b63f70d406ffad69893851a01b042ffc4,"['bash', 'tools/pitr-verify.sh']","{'PGBACKREST_CONFIG': '/tmp/a8dr-pg-6cn4x7la/pbr.conf', 'PGHOST': '/tmp/a8dr-pg-6cn4x7la/restore/pitr-20260922-211337-5669/run', 'PGPORT': '55441', 'PGUSER': 'user', 'PGDATABASE': 'payesh'}","Setup/control: command performs stated operation; interpret stdout and independent semantic checks, not exit alone.",0,66.352038,E3 LOCAL REAL BINARIES (not E4),ledger-final-lab.json
p5-verify-wrong-source,172da62b63f70d406ffad69893851a01b042ffc4,"['bash', 'tools/pitr-verify.sh']","{'PGBACKREST_CONFIG': '/tmp/a8dr-pg-6cn4x7la/pbr.conf', 'PGHOST': '/tmp/a8dr-pg-6cn4x7la/socket', 'PGPORT': '55440', 'PGUSER': 'user', 'PGDATABASE': 'payesh'}",Evidence gate must distinguish wrong target/dataset from approved restore target; current verifier lacks expected identity inputs.,0,60.895991,E3 LOCAL REAL BINARIES (not E4),ledger-final-lab.json
p5-verify-postgres-db,172da62b63f70d406ffad69893851a01b042ffc4,"['bash', 'tools/pitr-verify.sh']","{'PGBACKREST_CONFIG': '/tmp/a8dr-pg-6cn4x7la/pbr.conf', 'PGHOST': '/tmp/a8dr-pg-6cn4x7la/restore/pitr-20260922-211337-5669/run', 'PGPORT': '55441', 'PGUSER': 'user', 'PGDATABASE': 'postgres'}",Wrong database without required tables rejected; wrapper currently forces this DB.,1,54.783936,E3 LOCAL REAL BINARIES (not E4),ledger-final-lab.json
p5-promote-primary-guard,172da62b63f70d406ffad69893851a01b042ffc4,"['bash', 'tools/failover-postgres.sh', '--dry-run']","{'PGBACKREST_CONFIG': '/tmp/a8dr-pg-6cn4x7la/pbr.conf', 'PGHOST': '/tmp/a8dr-pg-6cn4x7la/restore/pitr-20260922-211337-5669/run', 'PGPORT': '55441', 'PGUSER': 'user', 'PGDATABASE': 'payesh'}",Already-primary target rejected.,1,7.220939,E3 LOCAL REAL BINARIES (not E4),ledger-final-lab.json
p5-basebackup,172da62b63f70d406ffad69893851a01b042ffc4,"['pg_basebackup', '-h', '/tmp/a8dr-pg-6cn4x7la/socket', '-p', '55440', '-U', 'user', '-D', '/tmp/a8dr-pg-6cn4x7la/standby', '-R', '-X', 'stream', '-c', 'fast']","{'PGBACKREST_CONFIG': '/tmp/a8dr-pg-6cn4x7la/pbr.conf', 'PGHOST': '/tmp/a8dr-pg-6cn4x7la/socket', 'PGPORT': '55440', 'PGUSER': 'user', 'PGDATABASE': 'payesh'}","Setup/control: command performs stated operation; interpret stdout and independent semantic checks, not exit alone.",0,70.973864,E3 LOCAL REAL BINARIES (not E4),ledger-final-lab.json
p5-standby-start,172da62b63f70d406ffad69893851a01b042ffc4,"['pg_ctl', '-D', '/tmp/a8dr-pg-6cn4x7la/standby', '-o', '-p 55444 -k /tmp/a8dr-pg-6cn4x7la/standby-socket -c archive_mode=off', '-l', '/tmp/a8dr-pg-6cn4x7la/standby.log', '-w', 'start']","{'PGBACKREST_CONFIG': '/tmp/a8dr-pg-6cn4x7la/pbr.conf', 'PGHOST': '/tmp/a8dr-pg-6cn4x7la/socket', 'PGPORT': '55440', 'PGUSER': 'user', 'PGDATABASE': 'payesh'}","Setup/control: command performs stated operation; interpret stdout and independent semantic checks, not exit alone.",0,108.23892,E3 LOCAL REAL BINARIES (not E4),ledger-final-lab.json
p5-standby-before,172da62b63f70d406ffad69893851a01b042ffc4,"['psql', '-v', 'ON_ERROR_STOP=1', '-d', 'payesh', '-tAXc', ""SELECT pg_is_in_recovery(),count(*),md5(string_agg(users::text,'|' ORDER BY id)) FROM users""]","{'PGBACKREST_CONFIG': '/tmp/a8dr-pg-6cn4x7la/pbr.conf', 'PGHOST': '/tmp/a8dr-pg-6cn4x7la/standby-socket', 'PGPORT': '55444', 'PGUSER': 'user', 'PGDATABASE': 'payesh', 'OLD_PGHOST': '/tmp/a8dr-pg-6cn4x7la/socket', 'OLD_PGPORT': '55440'}","Setup/control: command performs stated operation; interpret stdout and independent semantic checks, not exit alone.",0,11.718525,E3 LOCAL REAL BINARIES (not E4),ledger-final-lab.json
p5-stop-source,172da62b63f70d406ffad69893851a01b042ffc4,"['pg_ctl', '-D', '/tmp/a8dr-pg-6cn4x7la/source', '-m', 'immediate', '-w', 'stop']","{'PGBACKREST_CONFIG': '/tmp/a8dr-pg-6cn4x7la/pbr.conf', 'PGHOST': '/tmp/a8dr-pg-6cn4x7la/socket', 'PGPORT': '55440', 'PGUSER': 'user', 'PGDATABASE': 'payesh'}","Setup/control: command performs stated operation; interpret stdout and independent semantic checks, not exit alone.",0,101.739013,E3 LOCAL REAL BINARIES (not E4),ledger-final-lab.json
p5-promote,172da62b63f70d406ffad69893851a01b042ffc4,"['bash', 'tools/failover-postgres.sh']","{'PGBACKREST_CONFIG': '/tmp/a8dr-pg-6cn4x7la/pbr.conf', 'PGHOST': '/tmp/a8dr-pg-6cn4x7la/standby-socket', 'PGPORT': '55444', 'PGUSER': 'user', 'PGDATABASE': 'payesh', 'OLD_PGHOST': '/tmp/a8dr-pg-6cn4x7la/socket', 'OLD_PGPORT': '55440'}","Stopped old primary -> promote real standby; exit 0, correct role/data on independent query.",0,132.267981,E3 LOCAL REAL BINARIES (not E4),ledger-final-lab.json
p5-standby-after,172da62b63f70d406ffad69893851a01b042ffc4,"['psql', '-v', 'ON_ERROR_STOP=1', '-d', 'payesh', '-tAXc', ""SELECT pg_is_in_recovery(),count(*),md5(string_agg(users::text,'|' ORDER BY id)) FROM users""]","{'PGBACKREST_CONFIG': '/tmp/a8dr-pg-6cn4x7la/pbr.conf', 'PGHOST': '/tmp/a8dr-pg-6cn4x7la/standby-socket', 'PGPORT': '55444', 'PGUSER': 'user', 'PGDATABASE': 'payesh', 'OLD_PGHOST': '/tmp/a8dr-pg-6cn4x7la/socket', 'OLD_PGPORT': '55440'}","Setup/control: command performs stated operation; interpret stdout and independent semantic checks, not exit alone.",0,6.194734,E3 LOCAL REAL BINARIES (not E4),ledger-final-lab.json
p5-restore-corrupt,172da62b63f70d406ffad69893851a01b042ffc4,"['pgbackrest', '--stanza=payesh', '--pg1-path=/tmp/a8dr-pg-6cn4x7la/bad-target', '--type=immediate', 'restore']","{'PGBACKREST_CONFIG': '/tmp/a8dr-pg-6cn4x7la/pbr.conf', 'PGHOST': '/tmp/a8dr-pg-6cn4x7la/socket', 'PGPORT': '55440', 'PGUSER': 'user', 'PGDATABASE': 'payesh'}","Relevant nonempty corrupted archive data must fail restore. Earlier zero-data-file mutation is a disclosed ineffective control, not proof of bypass.",0,299.909465,E3 LOCAL REAL BINARIES (not E4),ledger-final-lab.json
p5-stop-standby,172da62b63f70d406ffad69893851a01b042ffc4,"['pg_ctl', '-D', '/tmp/a8dr-pg-6cn4x7la/standby', '-m', 'immediate', '-w', 'stop']","{'PGBACKREST_CONFIG': '/tmp/a8dr-pg-6cn4x7la/pbr.conf', 'PGHOST': '/tmp/a8dr-pg-6cn4x7la/socket', 'PGPORT': '55440', 'PGUSER': 'user', 'PGDATABASE': 'payesh'}","Setup/control: command performs stated operation; interpret stdout and independent semantic checks, not exit alone.",0,101.727688,E3 LOCAL REAL BINARIES (not E4),ledger-final-lab.json
p5-stop-data,172da62b63f70d406ffad69893851a01b042ffc4,"['pg_ctl', '-D', '/tmp/a8dr-pg-6cn4x7la/restore/pitr-20260922-211337-5669/data', '-m', 'immediate', '-w', 'stop']","{'PGBACKREST_CONFIG': '/tmp/a8dr-pg-6cn4x7la/pbr.conf', 'PGHOST': '/tmp/a8dr-pg-6cn4x7la/socket', 'PGPORT': '55440', 'PGUSER': 'user', 'PGDATABASE': 'payesh'}","Setup/control: command performs stated operation; interpret stdout and independent semantic checks, not exit alone.",0,101.754797,E3 LOCAL REAL BINARIES (not E4),ledger-final-lab.json
p6-init,172da62b63f70d406ffad69893851a01b042ffc4,"['initdb', '-D', '/tmp/a8dr-pg-3jzz4yhf/source', '-A', 'trust', '--no-locale']",{},"Setup/control: command performs stated operation; interpret stdout and independent semantic checks, not exit alone.",0,321.612347,E3 LOCAL REAL BINARIES (not E4),ledger-final-lab.json
p6-start,172da62b63f70d406ffad69893851a01b042ffc4,"['pg_ctl', '-D', '/tmp/a8dr-pg-3jzz4yhf/source', '-l', '/tmp/a8dr-pg-3jzz4yhf/source.log', '-w', 'start']","{'PGBACKREST_CONFIG': '/tmp/a8dr-pg-3jzz4yhf/pbr.conf', 'PGHOST': '/tmp/a8dr-pg-3jzz4yhf/socket', 'PGPORT': '55442', 'PGUSER': 'user', 'PGDATABASE': 'payesh'}","Setup/control: command performs stated operation; interpret stdout and independent semantic checks, not exit alone.",0,108.575764,E3 LOCAL REAL BINARIES (not E4),ledger-final-lab.json
p6-create-db,172da62b63f70d406ffad69893851a01b042ffc4,"['psql', '-v', 'ON_ERROR_STOP=1', '-d', 'postgres', '-tAXc', 'CREATE DATABASE payesh']","{'PGBACKREST_CONFIG': '/tmp/a8dr-pg-3jzz4yhf/pbr.conf', 'PGHOST': '/tmp/a8dr-pg-3jzz4yhf/socket', 'PGPORT': '55442', 'PGUSER': 'user', 'PGDATABASE': 'payesh'}","Setup/control: command performs stated operation; interpret stdout and independent semantic checks, not exit alone.",0,19.920587,E3 LOCAL REAL BINARIES (not E4),ledger-final-lab.json
p6-seed,172da62b63f70d406ffad69893851a01b042ffc4,"['psql', '-v', 'ON_ERROR_STOP=1', '-d', 'payesh', '-tAXc', ""CREATE TABLE users(id int primary key, value text); INSERT INTO users SELECT i,'run6-'||i FROM generate_series(1,10)i;CREATE TABLE schools(id int primary key, value text); INSERT INTO schools SELECT i,'run6-'||i FROM generate_series(1,10)i;CREATE TABLE classes(id int primary key, value text); INSERT INTO classes SELECT i,'run6-'||i FROM generate_series(1,10)i;CREATE TABLE grades(id int primary key, value text); INSERT INTO grades SELECT i,'run6-'||i FROM generate_series(1,10)i;CREATE TABLE attendance(id int primary key, value text); INSERT INTO attendance SELECT i,'run6-'||i FROM generate_series(1,10)i""]","{'PGBACKREST_CONFIG': '/tmp/a8dr-pg-3jzz4yhf/pbr.conf', 'PGHOST': '/tmp/a8dr-pg-3jzz4yhf/socket', 'PGPORT': '55442', 'PGUSER': 'user', 'PGDATABASE': 'payesh'}","Setup/control: command performs stated operation; interpret stdout and independent semantic checks, not exit alone.",0,10.083051,E3 LOCAL REAL BINARIES (not E4),ledger-final-lab.json
p6-stanza,172da62b63f70d406ffad69893851a01b042ffc4,"['pgbackrest', '--stanza=payesh', 'stanza-create']","{'PGBACKREST_CONFIG': '/tmp/a8dr-pg-3jzz4yhf/pbr.conf', 'PGHOST': '/tmp/a8dr-pg-3jzz4yhf/socket', 'PGPORT': '55442', 'PGUSER': 'user', 'PGDATABASE': 'payesh'}","Setup/control: command performs stated operation; interpret stdout and independent semantic checks, not exit alone.",0,10.496825,E3 LOCAL REAL BINARIES (not E4),ledger-final-lab.json
p6-backup,172da62b63f70d406ffad69893851a01b042ffc4,"['pgbackrest', '--stanza=payesh', '--type=full', 'backup']","{'PGBACKREST_CONFIG': '/tmp/a8dr-pg-3jzz4yhf/pbr.conf', 'PGHOST': '/tmp/a8dr-pg-3jzz4yhf/socket', 'PGPORT': '55442', 'PGUSER': 'user', 'PGDATABASE': 'payesh'}","Setup/control: command performs stated operation; interpret stdout and independent semantic checks, not exit alone.",0,1376.398083,E3 LOCAL REAL BINARIES (not E4),ledger-final-lab.json
p6-info,172da62b63f70d406ffad69893851a01b042ffc4,"['pgbackrest', '--stanza=payesh', '--output=json', 'info']","{'PGBACKREST_CONFIG': '/tmp/a8dr-pg-3jzz4yhf/pbr.conf', 'PGHOST': '/tmp/a8dr-pg-3jzz4yhf/socket', 'PGPORT': '55442', 'PGUSER': 'user', 'PGDATABASE': 'payesh'}","Setup/control: command performs stated operation; interpret stdout and independent semantic checks, not exit alone.",0,5.184505,E3 LOCAL REAL BINARIES (not E4),ledger-final-lab.json
p6-before-target,172da62b63f70d406ffad69893851a01b042ffc4,"['psql', '-v', 'ON_ERROR_STOP=1', '-d', 'payesh', '-tAXc', ""INSERT INTO users VALUES(11,'keep'); SELECT pg_create_restore_point('arena_target');""]","{'PGBACKREST_CONFIG': '/tmp/a8dr-pg-3jzz4yhf/pbr.conf', 'PGHOST': '/tmp/a8dr-pg-3jzz4yhf/socket', 'PGPORT': '55442', 'PGUSER': 'user', 'PGDATABASE': 'payesh'}","Setup/control: command performs stated operation; interpret stdout and independent semantic checks, not exit alone.",0,9.85198,E3 LOCAL REAL BINARIES (not E4),ledger-final-lab.json
p6-expected,172da62b63f70d406ffad69893851a01b042ffc4,"['psql', '-v', 'ON_ERROR_STOP=1', '-d', 'payesh', '-tAXc', ""SELECT count(*),md5(string_agg(users::text,'|' ORDER BY id)) FROM users""]","{'PGBACKREST_CONFIG': '/tmp/a8dr-pg-3jzz4yhf/pbr.conf', 'PGHOST': '/tmp/a8dr-pg-3jzz4yhf/socket', 'PGPORT': '55442', 'PGUSER': 'user', 'PGDATABASE': 'payesh'}","Setup/control: command performs stated operation; interpret stdout and independent semantic checks, not exit alone.",0,6.131632,E3 LOCAL REAL BINARIES (not E4),ledger-final-lab.json
p6-after-target,172da62b63f70d406ffad69893851a01b042ffc4,"['psql', '-v', 'ON_ERROR_STOP=1', '-d', 'payesh', '-tAXc', ""INSERT INTO users VALUES(12,'must-not-restore'); SELECT pg_switch_wal();""]","{'PGBACKREST_CONFIG': '/tmp/a8dr-pg-3jzz4yhf/pbr.conf', 'PGHOST': '/tmp/a8dr-pg-3jzz4yhf/socket', 'PGPORT': '55442', 'PGUSER': 'user', 'PGDATABASE': 'payesh'}","Setup/control: command performs stated operation; interpret stdout and independent semantic checks, not exit alone.",0,15.495325,E3 LOCAL REAL BINARIES (not E4),ledger-final-lab.json
p6-archive-check,172da62b63f70d406ffad69893851a01b042ffc4,"['pgbackrest', '--stanza=payesh', 'check']","{'PGBACKREST_CONFIG': '/tmp/a8dr-pg-3jzz4yhf/pbr.conf', 'PGHOST': '/tmp/a8dr-pg-3jzz4yhf/socket', 'PGPORT': '55442', 'PGUSER': 'user', 'PGDATABASE': 'payesh'}","Setup/control: command performs stated operation; interpret stdout and independent semantic checks, not exit alone.",0,318.357178,E3 LOCAL REAL BINARIES (not E4),ledger-final-lab.json
p6-restore-time,172da62b63f70d406ffad69893851a01b042ffc4,"['bash', 'tools/pitr-restore.sh', '--time', '2026-09-23 00:00:00+00', '--no-start', '--dest', '/tmp/a8dr-pg-3jzz4yhf/time']","{'PGBACKREST_CONFIG': '/tmp/a8dr-pg-3jzz4yhf/pbr.conf', 'PGHOST': '/tmp/a8dr-pg-3jzz4yhf/socket', 'PGPORT': '55442', 'PGUSER': 'user', 'PGDATABASE': 'payesh'}",Timestamp remains single argv value; no command parsing failure. Actual recovery target availability checked separately.,48,12.802063,E3 LOCAL REAL BINARIES (not E4),ledger-final-lab.json
p6-restore-latest,172da62b63f70d406ffad69893851a01b042ffc4,"['bash', 'tools/pitr-restore.sh', '--latest', '--no-start', '--dest', '/tmp/a8dr-pg-3jzz4yhf/latest']","{'PGBACKREST_CONFIG': '/tmp/a8dr-pg-3jzz4yhf/pbr.conf', 'PGHOST': '/tmp/a8dr-pg-3jzz4yhf/socket', 'PGPORT': '55442', 'PGUSER': 'user', 'PGDATABASE': 'payesh'}",Documented latest option mapped to valid pgBackRest restore type.,32,12.61305,E3 LOCAL REAL BINARIES (not E4),ledger-final-lab.json
p6-restore-native,172da62b63f70d406ffad69893851a01b042ffc4,"['bash', 'tools/pitr-restore.sh', '--native', '--time', '2026-09-23 00:00:00+00', '--no-start', '--dest', '/tmp/a8dr-pg-3jzz4yhf/native']","{'PGBACKREST_CONFIG': '/tmp/a8dr-pg-3jzz4yhf/pbr.conf', 'PGHOST': '/tmp/a8dr-pg-3jzz4yhf/socket', 'PGPORT': '55442', 'PGUSER': 'user', 'PGDATABASE': 'payesh'}",Runbook documented command accepted; currently unsupported flag.,1,1.728831,E3 LOCAL REAL BINARIES (not E4),ledger-final-lab.json
p6-restore-name,172da62b63f70d406ffad69893851a01b042ffc4,"['bash', 'tools/pitr-restore.sh', '--name', 'arena_target', '--no-start', '--dest', '/tmp/a8dr-pg-3jzz4yhf/restore', '--port', '55443']","{'PGBACKREST_CONFIG': '/tmp/a8dr-pg-3jzz4yhf/pbr.conf', 'PGHOST': '/tmp/a8dr-pg-3jzz4yhf/socket', 'PGPORT': '55442', 'PGUSER': 'user', 'PGDATABASE': 'payesh'}",Named restore copies backup; no-start does NOT certify replay/promote.,0,292.124177,E3 LOCAL REAL BINARIES (not E4),ledger-final-lab.json
p6-target-original-start,172da62b63f70d406ffad69893851a01b042ffc4,"['pg_ctl', '-D', '/tmp/a8dr-pg-3jzz4yhf/restore/pitr-20260922-211341-5926/data', '-o', '-c config_file=/tmp/a8dr-pg-3jzz4yhf/restore/pitr-20260922-211341-5926/etc/postgresql.conf', '-l', '/tmp/a8dr-pg-3jzz4yhf/restore/pitr-20260922-211341-5926/original.log', '-w', 'start']","{'PGBACKREST_CONFIG': '/tmp/a8dr-pg-3jzz4yhf/pbr.conf', 'PGHOST': '/tmp/a8dr-pg-3jzz4yhf/socket', 'PGPORT': '55442', 'PGUSER': 'user', 'PGDATABASE': 'payesh'}",Unmodified generated restore config boots and replays WAL for separate target.,1,108.098358,E3 LOCAL REAL BINARIES (not E4),ledger-final-lab.json
p6-target-start,172da62b63f70d406ffad69893851a01b042ffc4,"['pg_ctl', '-D', '/tmp/a8dr-pg-3jzz4yhf/restore/pitr-20260922-211341-5926/data', '-o', '-c config_file=/tmp/a8dr-pg-3jzz4yhf/restore/pitr-20260922-211341-5926/etc/postgresql.conf -c recovery_target_action=promote -c max_connections=100', '-l', '/tmp/a8dr-pg-3jzz4yhf/restore/pitr-20260922-211341-5926/target.log', '-w', 'start']","{'PGBACKREST_CONFIG': '/tmp/a8dr-pg-3jzz4yhf/pbr.conf', 'PGHOST': '/tmp/a8dr-pg-3jzz4yhf/socket', 'PGPORT': '55442', 'PGUSER': 'user', 'PGDATABASE': 'payesh'}","Setup/control: command performs stated operation; interpret stdout and independent semantic checks, not exit alone.",0,108.622278,E3 LOCAL REAL BINARIES (not E4),ledger-final-lab.json
p6-actual,172da62b63f70d406ffad69893851a01b042ffc4,"['psql', '-v', 'ON_ERROR_STOP=1', '-d', 'payesh', '-tAXc', ""SELECT count(*),md5(string_agg(users::text,'|' ORDER BY id)) FROM users""]","{'PGBACKREST_CONFIG': '/tmp/a8dr-pg-3jzz4yhf/pbr.conf', 'PGHOST': '/tmp/a8dr-pg-3jzz4yhf/restore/pitr-20260922-211341-5926/run', 'PGPORT': '55443', 'PGUSER': 'user', 'PGDATABASE': 'payesh'}",Dataset count/hash equal expected committed target manifest; see comparison JSON.,0,7.187092,E3 LOCAL REAL BINARIES (not E4),ledger-final-lab.json
p6-source-identity,172da62b63f70d406ffad69893851a01b042ffc4,"['psql', '-v', 'ON_ERROR_STOP=1', '-d', 'payesh', '-tAXc', ""SELECT current_database(),current_setting('data_directory'),system_identifier FROM pg_control_system()""]","{'PGBACKREST_CONFIG': '/tmp/a8dr-pg-3jzz4yhf/pbr.conf', 'PGHOST': '/tmp/a8dr-pg-3jzz4yhf/socket', 'PGPORT': '55442', 'PGUSER': 'user', 'PGDATABASE': 'payesh'}","Setup/control: command performs stated operation; interpret stdout and independent semantic checks, not exit alone.",0,6.113694,E3 LOCAL REAL BINARIES (not E4),ledger-final-lab.json
p6-target-identity,172da62b63f70d406ffad69893851a01b042ffc4,"['psql', '-v', 'ON_ERROR_STOP=1', '-d', 'payesh', '-tAXc', ""SELECT current_database(),current_setting('data_directory'),system_identifier FROM pg_control_system()""]","{'PGBACKREST_CONFIG': '/tmp/a8dr-pg-3jzz4yhf/pbr.conf', 'PGHOST': '/tmp/a8dr-pg-3jzz4yhf/restore/pitr-20260922-211341-5926/run', 'PGPORT': '55443', 'PGUSER': 'user', 'PGDATABASE': 'payesh'}","Setup/control: command performs stated operation; interpret stdout and independent semantic checks, not exit alone.",0,5.658385,E3 LOCAL REAL BINARIES (not E4),ledger-final-lab.json
p6-verify-correct,172da62b63f70d406ffad69893851a01b042ffc4,"['bash', 'tools/pitr-verify.sh']","{'PGBACKREST_CONFIG': '/tmp/a8dr-pg-3jzz4yhf/pbr.conf', 'PGHOST': '/tmp/a8dr-pg-3jzz4yhf/restore/pitr-20260922-211341-5926/run', 'PGPORT': '55443', 'PGUSER': 'user', 'PGDATABASE': 'payesh'}","Setup/control: command performs stated operation; interpret stdout and independent semantic checks, not exit alone.",0,62.932336,E3 LOCAL REAL BINARIES (not E4),ledger-final-lab.json
p6-verify-wrong-source,172da62b63f70d406ffad69893851a01b042ffc4,"['bash', 'tools/pitr-verify.sh']","{'PGBACKREST_CONFIG': '/tmp/a8dr-pg-3jzz4yhf/pbr.conf', 'PGHOST': '/tmp/a8dr-pg-3jzz4yhf/socket', 'PGPORT': '55442', 'PGUSER': 'user', 'PGDATABASE': 'payesh'}",Evidence gate must distinguish wrong target/dataset from approved restore target; current verifier lacks expected identity inputs.,0,62.04048,E3 LOCAL REAL BINARIES (not E4),ledger-final-lab.json
p6-verify-postgres-db,172da62b63f70d406ffad69893851a01b042ffc4,"['bash', 'tools/pitr-verify.sh']","{'PGBACKREST_CONFIG': '/tmp/a8dr-pg-3jzz4yhf/pbr.conf', 'PGHOST': '/tmp/a8dr-pg-3jzz4yhf/restore/pitr-20260922-211341-5926/run', 'PGPORT': '55443', 'PGUSER': 'user', 'PGDATABASE': 'postgres'}",Wrong database without required tables rejected; wrapper currently forces this DB.,1,54.223082,E3 LOCAL REAL BINARIES (not E4),ledger-final-lab.json
p6-promote-primary-guard,172da62b63f70d406ffad69893851a01b042ffc4,"['bash', 'tools/failover-postgres.sh', '--dry-run']","{'PGBACKREST_CONFIG': '/tmp/a8dr-pg-3jzz4yhf/pbr.conf', 'PGHOST': '/tmp/a8dr-pg-3jzz4yhf/restore/pitr-20260922-211341-5926/run', 'PGPORT': '55443', 'PGUSER': 'user', 'PGDATABASE': 'payesh'}",Already-primary target rejected.,1,6.863058,E3 LOCAL REAL BINARIES (not E4),ledger-final-lab.json
p6-basebackup,172da62b63f70d406ffad69893851a01b042ffc4,"['pg_basebackup', '-h', '/tmp/a8dr-pg-3jzz4yhf/socket', '-p', '55442', '-U', 'user', '-D', '/tmp/a8dr-pg-3jzz4yhf/standby', '-R', '-X', 'stream', '-c', 'fast']","{'PGBACKREST_CONFIG': '/tmp/a8dr-pg-3jzz4yhf/pbr.conf', 'PGHOST': '/tmp/a8dr-pg-3jzz4yhf/socket', 'PGPORT': '55442', 'PGUSER': 'user', 'PGDATABASE': 'payesh'}","Setup/control: command performs stated operation; interpret stdout and independent semantic checks, not exit alone.",0,69.192391,E3 LOCAL REAL BINARIES (not E4),ledger-final-lab.json
p6-standby-start,172da62b63f70d406ffad69893851a01b042ffc4,"['pg_ctl', '-D', '/tmp/a8dr-pg-3jzz4yhf/standby', '-o', '-p 55446 -k /tmp/a8dr-pg-3jzz4yhf/standby-socket -c archive_mode=off', '-l', '/tmp/a8dr-pg-3jzz4yhf/standby.log', '-w', 'start']","{'PGBACKREST_CONFIG': '/tmp/a8dr-pg-3jzz4yhf/pbr.conf', 'PGHOST': '/tmp/a8dr-pg-3jzz4yhf/socket', 'PGPORT': '55442', 'PGUSER': 'user', 'PGDATABASE': 'payesh'}","Setup/control: command performs stated operation; interpret stdout and independent semantic checks, not exit alone.",0,108.726826,E3 LOCAL REAL BINARIES (not E4),ledger-final-lab.json
p6-standby-before,172da62b63f70d406ffad69893851a01b042ffc4,"['psql', '-v', 'ON_ERROR_STOP=1', '-d', 'payesh', '-tAXc', ""SELECT pg_is_in_recovery(),count(*),md5(string_agg(users::text,'|' ORDER BY id)) FROM users""]","{'PGBACKREST_CONFIG': '/tmp/a8dr-pg-3jzz4yhf/pbr.conf', 'PGHOST': '/tmp/a8dr-pg-3jzz4yhf/standby-socket', 'PGPORT': '55446', 'PGUSER': 'user', 'PGDATABASE': 'payesh', 'OLD_PGHOST': '/tmp/a8dr-pg-3jzz4yhf/socket', 'OLD_PGPORT': '55442'}","Setup/control: command performs stated operation; interpret stdout and independent semantic checks, not exit alone.",0,8.785491,E3 LOCAL REAL BINARIES (not E4),ledger-final-lab.json
p6-stop-source,172da62b63f70d406ffad69893851a01b042ffc4,"['pg_ctl', '-D', '/tmp/a8dr-pg-3jzz4yhf/source', '-m', 'immediate', '-w', 'stop']","{'PGBACKREST_CONFIG': '/tmp/a8dr-pg-3jzz4yhf/pbr.conf', 'PGHOST': '/tmp/a8dr-pg-3jzz4yhf/socket', 'PGPORT': '55442', 'PGUSER': 'user', 'PGDATABASE': 'payesh'}","Setup/control: command performs stated operation; interpret stdout and independent semantic checks, not exit alone.",0,101.537016,E3 LOCAL REAL BINARIES (not E4),ledger-final-lab.json
p6-promote,172da62b63f70d406ffad69893851a01b042ffc4,"['bash', 'tools/failover-postgres.sh']","{'PGBACKREST_CONFIG': '/tmp/a8dr-pg-3jzz4yhf/pbr.conf', 'PGHOST': '/tmp/a8dr-pg-3jzz4yhf/standby-socket', 'PGPORT': '55446', 'PGUSER': 'user', 'PGDATABASE': 'payesh', 'OLD_PGHOST': '/tmp/a8dr-pg-3jzz4yhf/socket', 'OLD_PGPORT': '55442'}","Stopped old primary -> promote real standby; exit 0, correct role/data on independent query.",0,126.640765,E3 LOCAL REAL BINARIES (not E4),ledger-final-lab.json
p6-standby-after,172da62b63f70d406ffad69893851a01b042ffc4,"['psql', '-v', 'ON_ERROR_STOP=1', '-d', 'payesh', '-tAXc', ""SELECT pg_is_in_recovery(),count(*),md5(string_agg(users::text,'|' ORDER BY id)) FROM users""]","{'PGBACKREST_CONFIG': '/tmp/a8dr-pg-3jzz4yhf/pbr.conf', 'PGHOST': '/tmp/a8dr-pg-3jzz4yhf/standby-socket', 'PGPORT': '55446', 'PGUSER': 'user', 'PGDATABASE': 'payesh', 'OLD_PGHOST': '/tmp/a8dr-pg-3jzz4yhf/socket', 'OLD_PGPORT': '55442'}","Setup/control: command performs stated operation; interpret stdout and independent semantic checks, not exit alone.",0,5.694774,E3 LOCAL REAL BINARIES (not E4),ledger-final-lab.json
p6-restore-corrupt,172da62b63f70d406ffad69893851a01b042ffc4,"['pgbackrest', '--stanza=payesh', '--pg1-path=/tmp/a8dr-pg-3jzz4yhf/bad-target', '--type=immediate', 'restore']","{'PGBACKREST_CONFIG': '/tmp/a8dr-pg-3jzz4yhf/pbr.conf', 'PGHOST': '/tmp/a8dr-pg-3jzz4yhf/socket', 'PGPORT': '55442', 'PGUSER': 'user', 'PGDATABASE': 'payesh'}","Relevant nonempty corrupted archive data must fail restore. Earlier zero-data-file mutation is a disclosed ineffective control, not proof of bypass.",0,303.505954,E3 LOCAL REAL BINARIES (not E4),ledger-final-lab.json
p6-stop-standby,172da62b63f70d406ffad69893851a01b042ffc4,"['pg_ctl', '-D', '/tmp/a8dr-pg-3jzz4yhf/standby', '-m', 'immediate', '-w', 'stop']","{'PGBACKREST_CONFIG': '/tmp/a8dr-pg-3jzz4yhf/pbr.conf', 'PGHOST': '/tmp/a8dr-pg-3jzz4yhf/socket', 'PGPORT': '55442', 'PGUSER': 'user', 'PGDATABASE': 'payesh'}","Setup/control: command performs stated operation; interpret stdout and independent semantic checks, not exit alone.",0,101.96781,E3 LOCAL REAL BINARIES (not E4),ledger-final-lab.json
p6-stop-data,172da62b63f70d406ffad69893851a01b042ffc4,"['pg_ctl', '-D', '/tmp/a8dr-pg-3jzz4yhf/restore/pitr-20260922-211341-5926/data', '-m', 'immediate', '-w', 'stop']","{'PGBACKREST_CONFIG': '/tmp/a8dr-pg-3jzz4yhf/pbr.conf', 'PGHOST': '/tmp/a8dr-pg-3jzz4yhf/socket', 'PGPORT': '55442', 'PGUSER': 'user', 'PGDATABASE': 'payesh'}","Setup/control: command performs stated operation; interpret stdout and independent semantic checks, not exit alone.",0,101.887947,E3 LOCAL REAL BINARIES (not E4),ledger-final-lab.json
versions,172da62b63f70d406ffad69893851a01b042ffc4,"['bash', '-c', 'psql --version; redis-server --version; pgbackrest version; uname -a; date -u +%FT%TZ']",{},"Setup/control: command performs stated operation; interpret stdout and independent semantic checks, not exit alone.",0,16.213746,E3 LOCAL REAL BINARIES (not E4),ledger-followup.json
p3-init,172da62b63f70d406ffad69893851a01b042ffc4,"['initdb', '-D', '/tmp/a8dr-pg-o2kkfi3m/source', '-A', 'trust', '--no-locale']",{},"Setup/control: command performs stated operation; interpret stdout and independent semantic checks, not exit alone.",0,331.663097,E3 LOCAL REAL BINARIES (not E4),ledger-followup.json
p3-start,172da62b63f70d406ffad69893851a01b042ffc4,"['pg_ctl', '-D', '/tmp/a8dr-pg-o2kkfi3m/source', '-l', '/tmp/a8dr-pg-o2kkfi3m/source.log', '-w', 'start']","{'PGBACKREST_CONFIG': '/tmp/a8dr-pg-o2kkfi3m/pbr.conf', 'PGHOST': '/tmp/a8dr-pg-o2kkfi3m/socket', 'PGPORT': '55436', 'PGUSER': 'user', 'PGDATABASE': 'payesh'}","Setup/control: command performs stated operation; interpret stdout and independent semantic checks, not exit alone.",0,108.060333,E3 LOCAL REAL BINARIES (not E4),ledger-followup.json
p3-create-db,172da62b63f70d406ffad69893851a01b042ffc4,"['psql', '-v', 'ON_ERROR_STOP=1', '-d', 'postgres', '-tAXc', 'CREATE DATABASE payesh']","{'PGBACKREST_CONFIG': '/tmp/a8dr-pg-o2kkfi3m/pbr.conf', 'PGHOST': '/tmp/a8dr-pg-o2kkfi3m/socket', 'PGPORT': '55436', 'PGUSER': 'user', 'PGDATABASE': 'payesh'}","Setup/control: command performs stated operation; interpret stdout and independent semantic checks, not exit alone.",0,20.375033,E3 LOCAL REAL BINARIES (not E4),ledger-followup.json
p3-seed,172da62b63f70d406ffad69893851a01b042ffc4,"['psql', '-v', 'ON_ERROR_STOP=1', '-d', 'payesh', '-tAXc', ""CREATE TABLE users(id int primary key, value text); INSERT INTO users SELECT i,'run3-'||i FROM generate_series(1,10)i;CREATE TABLE schools(id int primary key, value text); INSERT INTO schools SELECT i,'run3-'||i FROM generate_series(1,10)i;CREATE TABLE classes(id int primary key, value text); INSERT INTO classes SELECT i,'run3-'||i FROM generate_series(1,10)i;CREATE TABLE grades(id int primary key, value text); INSERT INTO grades SELECT i,'run3-'||i FROM generate_series(1,10)i;CREATE TABLE attendance(id int primary key, value text); INSERT INTO attendance SELECT i,'run3-'||i FROM generate_series(1,10)i""]","{'PGBACKREST_CONFIG': '/tmp/a8dr-pg-o2kkfi3m/pbr.conf', 'PGHOST': '/tmp/a8dr-pg-o2kkfi3m/socket', 'PGPORT': '55436', 'PGUSER': 'user', 'PGDATABASE': 'payesh'}","Setup/control: command performs stated operation; interpret stdout and independent semantic checks, not exit alone.",0,10.108651,E3 LOCAL REAL BINARIES (not E4),ledger-followup.json
p3-stanza,172da62b63f70d406ffad69893851a01b042ffc4,"['pgbackrest', '--stanza=payesh', 'stanza-create']","{'PGBACKREST_CONFIG': '/tmp/a8dr-pg-o2kkfi3m/pbr.conf', 'PGHOST': '/tmp/a8dr-pg-o2kkfi3m/socket', 'PGPORT': '55436', 'PGUSER': 'user', 'PGDATABASE': 'payesh'}","Setup/control: command performs stated operation; interpret stdout and independent semantic checks, not exit alone.",0,11.088832,E3 LOCAL REAL BINARIES (not E4),ledger-followup.json
p3-backup,172da62b63f70d406ffad69893851a01b042ffc4,"['pgbackrest', '--stanza=payesh', '--type=full', 'backup']","{'PGBACKREST_CONFIG': '/tmp/a8dr-pg-o2kkfi3m/pbr.conf', 'PGHOST': '/tmp/a8dr-pg-o2kkfi3m/socket', 'PGPORT': '55436', 'PGUSER': 'user', 'PGDATABASE': 'payesh'}","Setup/control: command performs stated operation; interpret stdout and independent semantic checks, not exit alone.",0,1463.125019,E3 LOCAL REAL BINARIES (not E4),ledger-followup.json
p3-info,172da62b63f70d406ffad69893851a01b042ffc4,"['pgbackrest', '--stanza=payesh', '--output=json', 'info']","{'PGBACKREST_CONFIG': '/tmp/a8dr-pg-o2kkfi3m/pbr.conf', 'PGHOST': '/tmp/a8dr-pg-o2kkfi3m/socket', 'PGPORT': '55436', 'PGUSER': 'user', 'PGDATABASE': 'payesh'}","Setup/control: command performs stated operation; interpret stdout and independent semantic checks, not exit alone.",0,6.036663,E3 LOCAL REAL BINARIES (not E4),ledger-followup.json
p3-before-target,172da62b63f70d406ffad69893851a01b042ffc4,"['psql', '-v', 'ON_ERROR_STOP=1', '-d', 'payesh', '-tAXc', ""INSERT INTO users VALUES(11,'keep'); SELECT pg_create_restore_point('arena_target');""]","{'PGBACKREST_CONFIG': '/tmp/a8dr-pg-o2kkfi3m/pbr.conf', 'PGHOST': '/tmp/a8dr-pg-o2kkfi3m/socket', 'PGPORT': '55436', 'PGUSER': 'user', 'PGDATABASE': 'payesh'}","Setup/control: command performs stated operation; interpret stdout and independent semantic checks, not exit alone.",0,10.880706,E3 LOCAL REAL BINARIES (not E4),ledger-followup.json
p3-expected,172da62b63f70d406ffad69893851a01b042ffc4,"['psql', '-v', 'ON_ERROR_STOP=1', '-d', 'payesh', '-tAXc', ""SELECT count(*),md5(string_agg(users::text,'|' ORDER BY id)) FROM users""]","{'PGBACKREST_CONFIG': '/tmp/a8dr-pg-o2kkfi3m/pbr.conf', 'PGHOST': '/tmp/a8dr-pg-o2kkfi3m/socket', 'PGPORT': '55436', 'PGUSER': 'user', 'PGDATABASE': 'payesh'}","Setup/control: command performs stated operation; interpret stdout and independent semantic checks, not exit alone.",0,6.703141,E3 LOCAL REAL BINARIES (not E4),ledger-followup.json
p3-after-target,172da62b63f70d406ffad69893851a01b042ffc4,"['psql', '-v', 'ON_ERROR_STOP=1', '-d', 'payesh', '-tAXc', ""INSERT INTO users VALUES(12,'must-not-restore'); SELECT pg_switch_wal();""]","{'PGBACKREST_CONFIG': '/tmp/a8dr-pg-o2kkfi3m/pbr.conf', 'PGHOST': '/tmp/a8dr-pg-o2kkfi3m/socket', 'PGPORT': '55436', 'PGUSER': 'user', 'PGDATABASE': 'payesh'}","Setup/control: command performs stated operation; interpret stdout and independent semantic checks, not exit alone.",0,18.659268,E3 LOCAL REAL BINARIES (not E4),ledger-followup.json
p3-archive-check,172da62b63f70d406ffad69893851a01b042ffc4,"['pgbackrest', '--stanza=payesh', 'check']","{'PGBACKREST_CONFIG': '/tmp/a8dr-pg-o2kkfi3m/pbr.conf', 'PGHOST': '/tmp/a8dr-pg-o2kkfi3m/socket', 'PGPORT': '55436', 'PGUSER': 'user', 'PGDATABASE': 'payesh'}","Setup/control: command performs stated operation; interpret stdout and independent semantic checks, not exit alone.",0,320.460008,E3 LOCAL REAL BINARIES (not E4),ledger-followup.json
p3-restore-time,172da62b63f70d406ffad69893851a01b042ffc4,"['bash', 'tools/pitr-restore.sh', '--time', '2026-09-23 00:00:00+00', '--no-start', '--dest', '/tmp/a8dr-pg-o2kkfi3m/time']","{'PGBACKREST_CONFIG': '/tmp/a8dr-pg-o2kkfi3m/pbr.conf', 'PGHOST': '/tmp/a8dr-pg-o2kkfi3m/socket', 'PGPORT': '55436', 'PGUSER': 'user', 'PGDATABASE': 'payesh'}",Timestamp remains single argv value; no command parsing failure. Actual recovery target availability checked separately.,48,12.498182,E3 LOCAL REAL BINARIES (not E4),ledger-followup.json
p3-restore-latest,172da62b63f70d406ffad69893851a01b042ffc4,"['bash', 'tools/pitr-restore.sh', '--latest', '--no-start', '--dest', '/tmp/a8dr-pg-o2kkfi3m/latest']","{'PGBACKREST_CONFIG': '/tmp/a8dr-pg-o2kkfi3m/pbr.conf', 'PGHOST': '/tmp/a8dr-pg-o2kkfi3m/socket', 'PGPORT': '55436', 'PGUSER': 'user', 'PGDATABASE': 'payesh'}",Documented latest option mapped to valid pgBackRest restore type.,32,12.270426,E3 LOCAL REAL BINARIES (not E4),ledger-followup.json
p3-restore-native,172da62b63f70d406ffad69893851a01b042ffc4,"['bash', 'tools/pitr-restore.sh', '--native', '--time', '2026-09-23 00:00:00+00', '--no-start', '--dest', '/tmp/a8dr-pg-o2kkfi3m/native']","{'PGBACKREST_CONFIG': '/tmp/a8dr-pg-o2kkfi3m/pbr.conf', 'PGHOST': '/tmp/a8dr-pg-o2kkfi3m/socket', 'PGPORT': '55436', 'PGUSER': 'user', 'PGDATABASE': 'payesh'}",Runbook documented command accepted; currently unsupported flag.,1,1.63131,E3 LOCAL REAL BINARIES (not E4),ledger-followup.json
p3-restore-name,172da62b63f70d406ffad69893851a01b042ffc4,"['bash', 'tools/pitr-restore.sh', '--name', 'arena_target', '--no-start', '--dest', '/tmp/a8dr-pg-o2kkfi3m/restore', '--port', '55437']","{'PGBACKREST_CONFIG': '/tmp/a8dr-pg-o2kkfi3m/pbr.conf', 'PGHOST': '/tmp/a8dr-pg-o2kkfi3m/socket', 'PGPORT': '55436', 'PGUSER': 'user', 'PGDATABASE': 'payesh'}",Named restore copies backup; no-start does NOT certify replay/promote.,0,293.877612,E3 LOCAL REAL BINARIES (not E4),ledger-followup.json
p3-target-original-start,172da62b63f70d406ffad69893851a01b042ffc4,"['pg_ctl', '-D', '/tmp/a8dr-pg-o2kkfi3m/restore/pitr-20260922-211244-5102/data', '-o', '-c config_file=/tmp/a8dr-pg-o2kkfi3m/restore/pitr-20260922-211244-5102/etc/postgresql.conf', '-l', '/tmp/a8dr-pg-o2kkfi3m/restore/pitr-20260922-211244-5102/original.log', '-w', 'start']","{'PGBACKREST_CONFIG': '/tmp/a8dr-pg-o2kkfi3m/pbr.conf', 'PGHOST': '/tmp/a8dr-pg-o2kkfi3m/socket', 'PGPORT': '55436', 'PGUSER': 'user', 'PGDATABASE': 'payesh'}",Unmodified generated restore config boots and replays WAL for separate target.,1,110.504128,E3 LOCAL REAL BINARIES (not E4),ledger-followup.json
p3-target-start,172da62b63f70d406ffad69893851a01b042ffc4,"['pg_ctl', '-D', '/tmp/a8dr-pg-o2kkfi3m/restore/pitr-20260922-211244-5102/data', '-o', '-c config_file=/tmp/a8dr-pg-o2kkfi3m/restore/pitr-20260922-211244-5102/etc/postgresql.conf -c recovery_target_action=promote -c max_connections=100', '-l', '/tmp/a8dr-pg-o2kkfi3m/restore/pitr-20260922-211244-5102/target.log', '-w', 'start']","{'PGBACKREST_CONFIG': '/tmp/a8dr-pg-o2kkfi3m/pbr.conf', 'PGHOST': '/tmp/a8dr-pg-o2kkfi3m/socket', 'PGPORT': '55436', 'PGUSER': 'user', 'PGDATABASE': 'payesh'}","Setup/control: command performs stated operation; interpret stdout and independent semantic checks, not exit alone.",1,109.368135,E3 LOCAL REAL BINARIES (not E4),ledger-followup.json
p3-stop-source,172da62b63f70d406ffad69893851a01b042ffc4,"['pg_ctl', '-D', '/tmp/a8dr-pg-o2kkfi3m/source', '-m', 'immediate', '-w', 'stop']","{'PGBACKREST_CONFIG': '/tmp/a8dr-pg-o2kkfi3m/pbr.conf', 'PGHOST': '/tmp/a8dr-pg-o2kkfi3m/socket', 'PGPORT': '55436', 'PGUSER': 'user', 'PGDATABASE': 'payesh'}","Setup/control: command performs stated operation; interpret stdout and independent semantic checks, not exit alone.",0,101.700181,E3 LOCAL REAL BINARIES (not E4),ledger-followup.json
p4-init,172da62b63f70d406ffad69893851a01b042ffc4,"['initdb', '-D', '/tmp/a8dr-pg-h5f0cei4/source', '-A', 'trust', '--no-locale']",{},"Setup/control: command performs stated operation; interpret stdout and independent semantic checks, not exit alone.",0,331.268914,E3 LOCAL REAL BINARIES (not E4),ledger-followup.json
p4-start,172da62b63f70d406ffad69893851a01b042ffc4,"['pg_ctl', '-D', '/tmp/a8dr-pg-h5f0cei4/source', '-l', '/tmp/a8dr-pg-h5f0cei4/source.log', '-w', 'start']","{'PGBACKREST_CONFIG': '/tmp/a8dr-pg-h5f0cei4/pbr.conf', 'PGHOST': '/tmp/a8dr-pg-h5f0cei4/socket', 'PGPORT': '55438', 'PGUSER': 'user', 'PGDATABASE': 'payesh'}","Setup/control: command performs stated operation; interpret stdout and independent semantic checks, not exit alone.",0,107.796224,E3 LOCAL REAL BINARIES (not E4),ledger-followup.json
p4-create-db,172da62b63f70d406ffad69893851a01b042ffc4,"['psql', '-v', 'ON_ERROR_STOP=1', '-d', 'postgres', '-tAXc', 'CREATE DATABASE payesh']","{'PGBACKREST_CONFIG': '/tmp/a8dr-pg-h5f0cei4/pbr.conf', 'PGHOST': '/tmp/a8dr-pg-h5f0cei4/socket', 'PGPORT': '55438', 'PGUSER': 'user', 'PGDATABASE': 'payesh'}","Setup/control: command performs stated operation; interpret stdout and independent semantic checks, not exit alone.",0,18.751555,E3 LOCAL REAL BINARIES (not E4),ledger-followup.json
p4-seed,172da62b63f70d406ffad69893851a01b042ffc4,"['psql', '-v', 'ON_ERROR_STOP=1', '-d', 'payesh', '-tAXc', ""CREATE TABLE users(id int primary key, value text); INSERT INTO users SELECT i,'run4-'||i FROM generate_series(1,10)i;CREATE TABLE schools(id int primary key, value text); INSERT INTO schools SELECT i,'run4-'||i FROM generate_series(1,10)i;CREATE TABLE classes(id int primary key, value text); INSERT INTO classes SELECT i,'run4-'||i FROM generate_series(1,10)i;CREATE TABLE grades(id int primary key, value text); INSERT INTO grades SELECT i,'run4-'||i FROM generate_series(1,10)i;CREATE TABLE attendance(id int primary key, value text); INSERT INTO attendance SELECT i,'run4-'||i FROM generate_series(1,10)i""]","{'PGBACKREST_CONFIG': '/tmp/a8dr-pg-h5f0cei4/pbr.conf', 'PGHOST': '/tmp/a8dr-pg-h5f0cei4/socket', 'PGPORT': '55438', 'PGUSER': 'user', 'PGDATABASE': 'payesh'}","Setup/control: command performs stated operation; interpret stdout and independent semantic checks, not exit alone.",0,8.935803,E3 LOCAL REAL BINARIES (not E4),ledger-followup.json
p4-stanza,172da62b63f70d406ffad69893851a01b042ffc4,"['pgbackrest', '--stanza=payesh', 'stanza-create']","{'PGBACKREST_CONFIG': '/tmp/a8dr-pg-h5f0cei4/pbr.conf', 'PGHOST': '/tmp/a8dr-pg-h5f0cei4/socket', 'PGPORT': '55438', 'PGUSER': 'user', 'PGDATABASE': 'payesh'}","Setup/control: command performs stated operation; interpret stdout and independent semantic checks, not exit alone.",0,10.138835,E3 LOCAL REAL BINARIES (not E4),ledger-followup.json
p4-backup,172da62b63f70d406ffad69893851a01b042ffc4,"['pgbackrest', '--stanza=payesh', '--type=full', 'backup']","{'PGBACKREST_CONFIG': '/tmp/a8dr-pg-h5f0cei4/pbr.conf', 'PGHOST': '/tmp/a8dr-pg-h5f0cei4/socket', 'PGPORT': '55438', 'PGUSER': 'user', 'PGDATABASE': 'payesh'}","Setup/control: command performs stated operation; interpret stdout and independent semantic checks, not exit alone.",0,1489.742737,E3 LOCAL REAL BINARIES (not E4),ledger-followup.json
p4-info,172da62b63f70d406ffad69893851a01b042ffc4,"['pgbackrest', '--stanza=payesh', '--output=json', 'info']","{'PGBACKREST_CONFIG': '/tmp/a8dr-pg-h5f0cei4/pbr.conf', 'PGHOST': '/tmp/a8dr-pg-h5f0cei4/socket', 'PGPORT': '55438', 'PGUSER': 'user', 'PGDATABASE': 'payesh'}","Setup/control: command performs stated operation; interpret stdout and independent semantic checks, not exit alone.",0,5.813151,E3 LOCAL REAL BINARIES (not E4),ledger-followup.json
p4-before-target,172da62b63f70d406ffad69893851a01b042ffc4,"['psql', '-v', 'ON_ERROR_STOP=1', '-d', 'payesh', '-tAXc', ""INSERT INTO users VALUES(11,'keep'); SELECT pg_create_restore_point('arena_target');""]","{'PGBACKREST_CONFIG': '/tmp/a8dr-pg-h5f0cei4/pbr.conf', 'PGHOST': '/tmp/a8dr-pg-h5f0cei4/socket', 'PGPORT': '55438', 'PGUSER': 'user', 'PGDATABASE': 'payesh'}","Setup/control: command performs stated operation; interpret stdout and independent semantic checks, not exit alone.",0,10.823028,E3 LOCAL REAL BINARIES (not E4),ledger-followup.json
p4-expected,172da62b63f70d406ffad69893851a01b042ffc4,"['psql', '-v', 'ON_ERROR_STOP=1', '-d', 'payesh', '-tAXc', ""SELECT count(*),md5(string_agg(users::text,'|' ORDER BY id)) FROM users""]","{'PGBACKREST_CONFIG': '/tmp/a8dr-pg-h5f0cei4/pbr.conf', 'PGHOST': '/tmp/a8dr-pg-h5f0cei4/socket', 'PGPORT': '55438', 'PGUSER': 'user', 'PGDATABASE': 'payesh'}","Setup/control: command performs stated operation; interpret stdout and independent semantic checks, not exit alone.",0,6.523519,E3 LOCAL REAL BINARIES (not E4),ledger-followup.json
p4-after-target,172da62b63f70d406ffad69893851a01b042ffc4,"['psql', '-v', 'ON_ERROR_STOP=1', '-d', 'payesh', '-tAXc', ""INSERT INTO users VALUES(12,'must-not-restore'); SELECT pg_switch_wal();""]","{'PGBACKREST_CONFIG': '/tmp/a8dr-pg-h5f0cei4/pbr.conf', 'PGHOST': '/tmp/a8dr-pg-h5f0cei4/socket', 'PGPORT': '55438', 'PGUSER': 'user', 'PGDATABASE': 'payesh'}","Setup/control: command performs stated operation; interpret stdout and independent semantic checks, not exit alone.",0,15.336755,E3 LOCAL REAL BINARIES (not E4),ledger-followup.json
p4-archive-check,172da62b63f70d406ffad69893851a01b042ffc4,"['pgbackrest', '--stanza=payesh', 'check']","{'PGBACKREST_CONFIG': '/tmp/a8dr-pg-h5f0cei4/pbr.conf', 'PGHOST': '/tmp/a8dr-pg-h5f0cei4/socket', 'PGPORT': '55438', 'PGUSER': 'user', 'PGDATABASE': 'payesh'}","Setup/control: command performs stated operation; interpret stdout and independent semantic checks, not exit alone.",0,317.565593,E3 LOCAL REAL BINARIES (not E4),ledger-followup.json
p4-restore-time,172da62b63f70d406ffad69893851a01b042ffc4,"['bash', 'tools/pitr-restore.sh', '--time', '2026-09-23 00:00:00+00', '--no-start', '--dest', '/tmp/a8dr-pg-h5f0cei4/time']","{'PGBACKREST_CONFIG': '/tmp/a8dr-pg-h5f0cei4/pbr.conf', 'PGHOST': '/tmp/a8dr-pg-h5f0cei4/socket', 'PGPORT': '55438', 'PGUSER': 'user', 'PGDATABASE': 'payesh'}",Timestamp remains single argv value; no command parsing failure. Actual recovery target availability checked separately.,48,11.849341,E3 LOCAL REAL BINARIES (not E4),ledger-followup.json
p4-restore-latest,172da62b63f70d406ffad69893851a01b042ffc4,"['bash', 'tools/pitr-restore.sh', '--latest', '--no-start', '--dest', '/tmp/a8dr-pg-h5f0cei4/latest']","{'PGBACKREST_CONFIG': '/tmp/a8dr-pg-h5f0cei4/pbr.conf', 'PGHOST': '/tmp/a8dr-pg-h5f0cei4/socket', 'PGPORT': '55438', 'PGUSER': 'user', 'PGDATABASE': 'payesh'}",Documented latest option mapped to valid pgBackRest restore type.,32,12.189332,E3 LOCAL REAL BINARIES (not E4),ledger-followup.json
p4-restore-native,172da62b63f70d406ffad69893851a01b042ffc4,"['bash', 'tools/pitr-restore.sh', '--native', '--time', '2026-09-23 00:00:00+00', '--no-start', '--dest', '/tmp/a8dr-pg-h5f0cei4/native']","{'PGBACKREST_CONFIG': '/tmp/a8dr-pg-h5f0cei4/pbr.conf', 'PGHOST': '/tmp/a8dr-pg-h5f0cei4/socket', 'PGPORT': '55438', 'PGUSER': 'user', 'PGDATABASE': 'payesh'}",Runbook documented command accepted; currently unsupported flag.,1,1.75664,E3 LOCAL REAL BINARIES (not E4),ledger-followup.json
p4-restore-name,172da62b63f70d406ffad69893851a01b042ffc4,"['bash', 'tools/pitr-restore.sh', '--name', 'arena_target', '--no-start', '--dest', '/tmp/a8dr-pg-h5f0cei4/restore', '--port', '55439']","{'PGBACKREST_CONFIG': '/tmp/a8dr-pg-h5f0cei4/pbr.conf', 'PGHOST': '/tmp/a8dr-pg-h5f0cei4/socket', 'PGPORT': '55438', 'PGUSER': 'user', 'PGDATABASE': 'payesh'}",Named restore copies backup; no-start does NOT certify replay/promote.,0,308.075961,E3 LOCAL REAL BINARIES (not E4),ledger-followup.json
p4-target-original-start,172da62b63f70d406ffad69893851a01b042ffc4,"['pg_ctl', '-D', '/tmp/a8dr-pg-h5f0cei4/restore/pitr-20260922-211247-5197/data', '-o', '-c config_file=/tmp/a8dr-pg-h5f0cei4/restore/pitr-20260922-211247-5197/etc/postgresql.conf', '-l', '/tmp/a8dr-pg-h5f0cei4/restore/pitr-20260922-211247-5197/original.log', '-w', 'start']","{'PGBACKREST_CONFIG': '/tmp/a8dr-pg-h5f0cei4/pbr.conf', 'PGHOST': '/tmp/a8dr-pg-h5f0cei4/socket', 'PGPORT': '55438', 'PGUSER': 'user', 'PGDATABASE': 'payesh'}",Unmodified generated restore config boots and replays WAL for separate target.,1,108.438818,E3 LOCAL REAL BINARIES (not E4),ledger-followup.json
p4-target-start,172da62b63f70d406ffad69893851a01b042ffc4,"['pg_ctl', '-D', '/tmp/a8dr-pg-h5f0cei4/restore/pitr-20260922-211247-5197/data', '-o', '-c config_file=/tmp/a8dr-pg-h5f0cei4/restore/pitr-20260922-211247-5197/etc/postgresql.conf -c recovery_target_action=promote -c max_connections=100', '-l', '/tmp/a8dr-pg-h5f0cei4/restore/pitr-20260922-211247-5197/target.log', '-w', 'start']","{'PGBACKREST_CONFIG': '/tmp/a8dr-pg-h5f0cei4/pbr.conf', 'PGHOST': '/tmp/a8dr-pg-h5f0cei4/socket', 'PGPORT': '55438', 'PGUSER': 'user', 'PGDATABASE': 'payesh'}","Setup/control: command performs stated operation; interpret stdout and independent semantic checks, not exit alone.",1,107.648174,E3 LOCAL REAL BINARIES (not E4),ledger-followup.json
p4-stop-source,172da62b63f70d406ffad69893851a01b042ffc4,"['pg_ctl', '-D', '/tmp/a8dr-pg-h5f0cei4/source', '-m', 'immediate', '-w', 'stop']","{'PGBACKREST_CONFIG': '/tmp/a8dr-pg-h5f0cei4/pbr.conf', 'PGHOST': '/tmp/a8dr-pg-h5f0cei4/socket', 'PGPORT': '55438', 'PGUSER': 'user', 'PGDATABASE': 'payesh'}","Setup/control: command performs stated operation; interpret stdout and independent semantic checks, not exit alone.",0,101.410331,E3 LOCAL REAL BINARIES (not E4),ledger-followup.json
s1-seed,172da62b63f70d406ffad69893851a01b042ffc4,"['redis-cli', '-p', '56610', 'SET', 'arena:marker', 'run-1']",{},"Setup/control: command performs stated operation; interpret stdout and independent semantic checks, not exit alone.",0,4.157671,E3 LOCAL REAL BINARIES (not E4),ledger-sentinel.json
s1-ack,172da62b63f70d406ffad69893851a01b042ffc4,"['redis-cli', '-p', '56610', 'WAIT', '1', '2000']",{},"Setup/control: command performs stated operation; interpret stdout and independent semantic checks, not exit alone.",0,4.985645,E3 LOCAL REAL BINARIES (not E4),ledger-sentinel.json
s1-healthy-guard,172da62b63f70d406ffad69893851a01b042ffc4,"['bash', 'tools/failover-redis.sh', '--dry-run']","{'SENTINELS': '127.0.0.1:56612,127.0.0.1:56613,127.0.0.1:56614', 'MASTER_NAME': 'arena'}",Reject manual failover of healthy master without force.,1,17.304495,E3 LOCAL REAL BINARIES (not E4),ledger-sentinel.json
s1-forced-failover,172da62b63f70d406ffad69893851a01b042ffc4,"['bash', 'tools/failover-redis.sh', '--force']","{'SENTINELS': '127.0.0.1:56612,127.0.0.1:56613,127.0.0.1:56614', 'MASTER_NAME': 'arena'}",Promote replica in authorized disposable lab and verify new master successfully.,1,2039.212363,E3 LOCAL REAL BINARIES (not E4),ledger-sentinel.json
s1-new-master,172da62b63f70d406ffad69893851a01b042ffc4,"['redis-cli', '-p', '56612', 'SENTINEL', 'get-master-addr-by-name', 'arena']",{},"Setup/control: command performs stated operation; interpret stdout and independent semantic checks, not exit alone.",0,3.681708,E3 LOCAL REAL BINARIES (not E4),ledger-sentinel.json
s1-role,172da62b63f70d406ffad69893851a01b042ffc4,"['redis-cli', '-p', '56611', 'INFO', 'replication']",{},"Setup/control: command performs stated operation; interpret stdout and independent semantic checks, not exit alone.",0,3.604313,E3 LOCAL REAL BINARIES (not E4),ledger-sentinel.json
s1-marker,172da62b63f70d406ffad69893851a01b042ffc4,"['redis-cli', '-p', '56611', 'GET', 'arena:marker']",{},"Setup/control: command performs stated operation; interpret stdout and independent semantic checks, not exit alone.",0,3.63184,E3 LOCAL REAL BINARIES (not E4),ledger-sentinel.json
s1-post-write,172da62b63f70d406ffad69893851a01b042ffc4,"['redis-cli', '-p', '56611', 'SET', 'arena:post', 'ok']",{},"Setup/control: command performs stated operation; interpret stdout and independent semantic checks, not exit alone.",0,3.837615,E3 LOCAL REAL BINARIES (not E4),ledger-sentinel.json
s2-seed,172da62b63f70d406ffad69893851a01b042ffc4,"['redis-cli', '-p', '56620', 'SET', 'arena:marker', 'run-2']",{},"Setup/control: command performs stated operation; interpret stdout and independent semantic checks, not exit alone.",0,4.915644,E3 LOCAL REAL BINARIES (not E4),ledger-sentinel.json
s2-ack,172da62b63f70d406ffad69893851a01b042ffc4,"['redis-cli', '-p', '56620', 'WAIT', '1', '2000']",{},"Setup/control: command performs stated operation; interpret stdout and independent semantic checks, not exit alone.",0,3.996341,E3 LOCAL REAL BINARIES (not E4),ledger-sentinel.json
s2-healthy-guard,172da62b63f70d406ffad69893851a01b042ffc4,"['bash', 'tools/failover-redis.sh', '--dry-run']","{'SENTINELS': '127.0.0.1:56622,127.0.0.1:56623,127.0.0.1:56624', 'MASTER_NAME': 'arena'}",Reject manual failover of healthy master without force.,1,14.48204,E3 LOCAL REAL BINARIES (not E4),ledger-sentinel.json
s2-forced-failover,172da62b63f70d406ffad69893851a01b042ffc4,"['bash', 'tools/failover-redis.sh', '--force']","{'SENTINELS': '127.0.0.1:56622,127.0.0.1:56623,127.0.0.1:56624', 'MASTER_NAME': 'arena'}",Promote replica in authorized disposable lab and verify new master successfully.,1,1031.100982,E3 LOCAL REAL BINARIES (not E4),ledger-sentinel.json
s2-new-master,172da62b63f70d406ffad69893851a01b042ffc4,"['redis-cli', '-p', '56622', 'SENTINEL', 'get-master-addr-by-name', 'arena']",{},"Setup/control: command performs stated operation; interpret stdout and independent semantic checks, not exit alone.",0,3.589459,E3 LOCAL REAL BINARIES (not E4),ledger-sentinel.json
s2-role,172da62b63f70d406ffad69893851a01b042ffc4,"['redis-cli', '-p', '56621', 'INFO', 'replication']",{},"Setup/control: command performs stated operation; interpret stdout and independent semantic checks, not exit alone.",0,3.772088,E3 LOCAL REAL BINARIES (not E4),ledger-sentinel.json
s2-marker,172da62b63f70d406ffad69893851a01b042ffc4,"['redis-cli', '-p', '56621', 'GET', 'arena:marker']",{},"Setup/control: command performs stated operation; interpret stdout and independent semantic checks, not exit alone.",0,3.53514,E3 LOCAL REAL BINARIES (not E4),ledger-sentinel.json
s2-post-write,172da62b63f70d406ffad69893851a01b042ffc4,"['redis-cli', '-p', '56621', 'SET', 'arena:post', 'ok']",{},"Setup/control: command performs stated operation; interpret stdout and independent semantic checks, not exit alone.",0,3.540335,E3 LOCAL REAL BINARIES (not E4),ledger-sentinel.json
metadata1,172da62b63f70d406ffad69893851a01b042ffc4,"['/tmp/a8-node/node_modules/.bin/node', '/home/user/arena8-dr/metadata_probe.cjs']",,"Without backup or runtime measurements return unknown/not verified, not synthesized successful timestamps/checksums/RPO/RTO.",0,30.15662,E2 UNIT/MOCK,ledger-unit.json
unit-backup1,172da62b63f70d406ffad69893851a01b042ffc4,"['/tmp/a8-node/node_modules/.bin/node', 'tests/infrastructure/disaster-recovery/backup-integrity.test.js']",,"Setup/control: command performs stated operation; interpret stdout and independent semantic checks, not exit alone.",0,24.930317,E2 UNIT/MOCK,ledger-unit.json
unit-restore1,172da62b63f70d406ffad69893851a01b042ffc4,"['/tmp/a8-node/node_modules/.bin/node', 'tests/infrastructure/disaster-recovery/restore-validation.test.js']",,"Setup/control: command performs stated operation; interpret stdout and independent semantic checks, not exit alone.",0,23.247477,E2 UNIT/MOCK,ledger-unit.json
redis-stub-regression1,172da62b63f70d406ffad69893851a01b042ffc4,"['/tmp/a8-node/node_modules/.bin/node', 'tests/redis-backup.js']",,"Setup/control: command performs stated operation; interpret stdout and independent semantic checks, not exit alone.",0,16092.882855,E2 UNIT/MOCK,ledger-unit.json
runbook-static-test1,172da62b63f70d406ffad69893851a01b042ffc4,"['/tmp/a8-node/node_modules/.bin/node', 'tests/dr-runbook.js']",,"Setup/control: command performs stated operation; interpret stdout and independent semantic checks, not exit alone.",0,27.661362,E2 UNIT/MOCK,ledger-unit.json
metadata2,172da62b63f70d406ffad69893851a01b042ffc4,"['/tmp/a8-node/node_modules/.bin/node', '/home/user/arena8-dr/metadata_probe.cjs']",,"Without backup or runtime measurements return unknown/not verified, not synthesized successful timestamps/checksums/RPO/RTO.",0,25.787795,E2 UNIT/MOCK,ledger-unit.json
unit-backup2,172da62b63f70d406ffad69893851a01b042ffc4,"['/tmp/a8-node/node_modules/.bin/node', 'tests/infrastructure/disaster-recovery/backup-integrity.test.js']",,"Setup/control: command performs stated operation; interpret stdout and independent semantic checks, not exit alone.",0,25.200775,E2 UNIT/MOCK,ledger-unit.json
unit-restore2,172da62b63f70d406ffad69893851a01b042ffc4,"['/tmp/a8-node/node_modules/.bin/node', 'tests/infrastructure/disaster-recovery/restore-validation.test.js']",,"Setup/control: command performs stated operation; interpret stdout and independent semantic checks, not exit alone.",0,25.097254,E2 UNIT/MOCK,ledger-unit.json
redis-stub-regression2,172da62b63f70d406ffad69893851a01b042ffc4,"['/tmp/a8-node/node_modules/.bin/node', 'tests/redis-backup.js']",,"Setup/control: command performs stated operation; interpret stdout and independent semantic checks, not exit alone.",0,16101.314016,E2 UNIT/MOCK,ledger-unit.json
runbook-static-test2,172da62b63f70d406ffad69893851a01b042ffc4,"['/tmp/a8-node/node_modules/.bin/node', 'tests/dr-runbook.js']",,"Setup/control: command performs stated operation; interpret stdout and independent semantic checks, not exit alone.",0,24.48554,E2 UNIT/MOCK,ledger-unit.json
versions,172da62b63f70d406ffad69893851a01b042ffc4,"['bash', '-c', 'psql --version; redis-server --version; pgbackrest version; uname -a; date -u +%FT%TZ']",{},"Setup/control: command performs stated operation; interpret stdout and independent semantic checks, not exit alone.",0,23.329063,E3 LOCAL REAL BINARIES (not E4),ledger.json
r1-seed,172da62b63f70d406ffad69893851a01b042ffc4,"['redis-cli', '-p', '56380', 'SET', 'arena:identity', 'dataset-1']",{},"Setup/control: command performs stated operation; interpret stdout and independent semantic checks, not exit alone.",0,5.653717,E3 LOCAL REAL BINARIES (not E4),ledger.json
r1-backup-s3-missing,172da62b63f70d406ffad69893851a01b042ffc4,"['bash', 'tools/redis-backup.sh']","{'REDIS_HOST': '127.0.0.1', 'REDIS_PORT': '56380', 'REDIS_DIR': '/tmp/a8dr-redis-m5ac50wr/source', 'BACKUP_DIR': '/tmp/a8dr-redis-m5ac50wr/backup', 'BACKUP_LOCK': '/tmp/a8dr-redis-m5ac50wr/lock', 'BACKUP_S3': 's3://arena8-no-network-test/redis'}","If off-site backup is required, missing uploader must not count as complete off-site success; local-only explicitly distinguished.",0,2052.323364,E3 LOCAL REAL BINARIES (not E4),ledger.json
r1-restored-marker,172da62b63f70d406ffad69893851a01b042ffc4,"['redis-cli', '-p', '56381', 'GET', 'arena:identity']",{},Return original seeded dataset-N from distinct RDB target.,0,3.712384,E3 LOCAL REAL BINARIES (not E4),ledger.json
r1-rdb-integrity,172da62b63f70d406ffad69893851a01b042ffc4,"['redis-check-rdb', '/tmp/a8dr-redis-m5ac50wr/backup/dump-20260922T211148Z.rdb']",{},Valid checksum and RDB parse; exit 0.,0,5.85122,E3 LOCAL REAL BINARIES (not E4),ledger.json
r1-aof-restored-marker,172da62b63f70d406ffad69893851a01b042ffc4,"['redis-cli', '-p', '56382', 'GET', 'arena:identity']",{},"Return original seeded dataset-N, not empty result.",0,3.851469,E3 LOCAL REAL BINARIES (not E4),ledger.json
r1-corrupt-rdb,172da62b63f70d406ffad69893851a01b042ffc4,"['redis-check-rdb', '/tmp/a8dr-redis-m5ac50wr/corrupt.rdb']",{},Corruption rejected; exit nonzero.,1,5.640329,E3 LOCAL REAL BINARIES (not E4),ledger.json
r1-lock-busy,172da62b63f70d406ffad69893851a01b042ffc4,"['bash', 'tools/redis-backup.sh']","{'REDIS_HOST': '127.0.0.1', 'REDIS_PORT': '56380', 'REDIS_DIR': '/tmp/a8dr-redis-m5ac50wr/source', 'BACKUP_DIR': '/tmp/a8dr-redis-m5ac50wr/backup', 'BACKUP_LOCK': '/tmp/a8dr-redis-m5ac50wr/lock', 'BACKUP_S3': 's3://arena8-no-network-test/redis'}","No backup; exit 75, not success.",75,4.537686,E3 LOCAL REAL BINARIES (not E4),ledger.json
r1-source-mutated,172da62b63f70d406ffad69893851a01b042ffc4,"['redis-cli', '-p', '56380', 'SET', 'arena:identity', 'new-source-dataset']",{},"Setup/control: command performs stated operation; interpret stdout and independent semantic checks, not exit alone.",0,3.730589,E3 LOCAL REAL BINARIES (not E4),ledger.json
r1-wrong-directory,172da62b63f70d406ffad69893851a01b042ffc4,"['bash', 'tools/redis-backup.sh']","{'REDIS_HOST': '127.0.0.1', 'REDIS_PORT': '56380', 'REDIS_DIR': '/tmp/a8dr-redis-m5ac50wr/wrong', 'BACKUP_DIR': '/tmp/a8dr-redis-m5ac50wr/wrong-backup', 'BACKUP_LOCK': '/tmp/a8dr-redis-m5ac50wr/lock', 'BACKUP_S3': ''}","Reject source identity/path mismatch, not attribute stale local RDB to current endpoint.",0,2047.063187,E3 LOCAL REAL BINARIES (not E4),ledger.json
r1-unreachable,172da62b63f70d406ffad69893851a01b042ffc4,"['bash', 'tools/redis-backup.sh']","{'REDIS_HOST': '127.0.0.1', 'REDIS_PORT': '1', 'REDIS_DIR': '/tmp/a8dr-redis-m5ac50wr/source', 'BACKUP_DIR': '/tmp/a8dr-redis-m5ac50wr/unreachable', 'BACKUP_LOCK': '/tmp/a8dr-redis-m5ac50wr/lock', 'BACKUP_S3': 's3://arena8-no-network-test/redis'}","Unavailable Redis source rejected, exit nonzero.",1,12.091324,E3 LOCAL REAL BINARIES (not E4),ledger.json
p1-init,172da62b63f70d406ffad69893851a01b042ffc4,"['initdb', '-D', '/tmp/a8dr-pg-n8wmb8r7/source', '-A', 'trust', '--no-locale']",{},"Setup/control: command performs stated operation; interpret stdout and independent semantic checks, not exit alone.",0,366.980278,E3 LOCAL REAL BINARIES (not E4),ledger.json
p1-start,172da62b63f70d406ffad69893851a01b042ffc4,"['pg_ctl', '-D', '/tmp/a8dr-pg-n8wmb8r7/source', '-l', '/tmp/a8dr-pg-n8wmb8r7/source.log', '-w', 'start']","{'PGBACKREST_CONFIG': '/tmp/a8dr-pg-n8wmb8r7/pbr.conf', 'PGHOST': '/tmp/a8dr-pg-n8wmb8r7/socket', 'PGPORT': '55432', 'PGUSER': 'user', 'PGDATABASE': 'payesh'}","Setup/control: command performs stated operation; interpret stdout and independent semantic checks, not exit alone.",0,110.912256,E3 LOCAL REAL BINARIES (not E4),ledger.json
p1-create-db,172da62b63f70d406ffad69893851a01b042ffc4,"['psql', '-v', 'ON_ERROR_STOP=1', '-d', 'postgres', '-tAXc', 'CREATE DATABASE payesh']","{'PGBACKREST_CONFIG': '/tmp/a8dr-pg-n8wmb8r7/pbr.conf', 'PGHOST': '/tmp/a8dr-pg-n8wmb8r7/socket', 'PGPORT': '55432', 'PGUSER': 'user', 'PGDATABASE': 'payesh'}","Setup/control: command performs stated operation; interpret stdout and independent semantic checks, not exit alone.",0,22.325231,E3 LOCAL REAL BINARIES (not E4),ledger.json
p1-seed,172da62b63f70d406ffad69893851a01b042ffc4,"['psql', '-v', 'ON_ERROR_STOP=1', '-d', 'payesh', '-tAXc', ""CREATE TABLE users(id int primary key, value text); INSERT INTO users SELECT i,'run1-'||i FROM generate_series(1,10)i;CREATE TABLE schools(id int primary key, value text); INSERT INTO schools SELECT i,'run1-'||i FROM generate_series(1,10)i;CREATE TABLE classes(id int primary key, value text); INSERT INTO classes SELECT i,'run1-'||i FROM generate_series(1,10)i;CREATE TABLE grades(id int primary key, value text); INSERT INTO grades SELECT i,'run1-'||i FROM generate_series(1,10)i;CREATE TABLE attendance(id int primary key, value text); INSERT INTO attendance SELECT i,'run1-'||i FROM generate_series(1,10)i""]","{'PGBACKREST_CONFIG': '/tmp/a8dr-pg-n8wmb8r7/pbr.conf', 'PGHOST': '/tmp/a8dr-pg-n8wmb8r7/socket', 'PGPORT': '55432', 'PGUSER': 'user', 'PGDATABASE': 'payesh'}","Setup/control: command performs stated operation; interpret stdout and independent semantic checks, not exit alone.",0,10.602172,E3 LOCAL REAL BINARIES (not E4),ledger.json
p1-stanza,172da62b63f70d406ffad69893851a01b042ffc4,"['pgbackrest', '--stanza=payesh', 'stanza-create']","{'PGBACKREST_CONFIG': '/tmp/a8dr-pg-n8wmb8r7/pbr.conf', 'PGHOST': '/tmp/a8dr-pg-n8wmb8r7/socket', 'PGPORT': '55432', 'PGUSER': 'user', 'PGDATABASE': 'payesh'}","Setup/control: command performs stated operation; interpret stdout and independent semantic checks, not exit alone.",0,11.100955,E3 LOCAL REAL BINARIES (not E4),ledger.json
p1-backup,172da62b63f70d406ffad69893851a01b042ffc4,"['pgbackrest', '--stanza=payesh', '--type=full', 'backup']","{'PGBACKREST_CONFIG': '/tmp/a8dr-pg-n8wmb8r7/pbr.conf', 'PGHOST': '/tmp/a8dr-pg-n8wmb8r7/socket', 'PGPORT': '55432', 'PGUSER': 'user', 'PGDATABASE': 'payesh'}","Setup/control: command performs stated operation; interpret stdout and independent semantic checks, not exit alone.",0,2138.480152,E3 LOCAL REAL BINARIES (not E4),ledger.json
p1-info,172da62b63f70d406ffad69893851a01b042ffc4,"['pgbackrest', '--stanza=payesh', '--output=json', 'info']","{'PGBACKREST_CONFIG': '/tmp/a8dr-pg-n8wmb8r7/pbr.conf', 'PGHOST': '/tmp/a8dr-pg-n8wmb8r7/socket', 'PGPORT': '55432', 'PGUSER': 'user', 'PGDATABASE': 'payesh'}","Setup/control: command performs stated operation; interpret stdout and independent semantic checks, not exit alone.",0,5.169055,E3 LOCAL REAL BINARIES (not E4),ledger.json
p1-before-target,172da62b63f70d406ffad69893851a01b042ffc4,"['psql', '-v', 'ON_ERROR_STOP=1', '-d', 'payesh', '-tAXc', ""INSERT INTO users VALUES(11,'keep'); SELECT pg_create_restore_point('arena_target');""]","{'PGBACKREST_CONFIG': '/tmp/a8dr-pg-n8wmb8r7/pbr.conf', 'PGHOST': '/tmp/a8dr-pg-n8wmb8r7/socket', 'PGPORT': '55432', 'PGUSER': 'user', 'PGDATABASE': 'payesh'}","Setup/control: command performs stated operation; interpret stdout and independent semantic checks, not exit alone.",0,13.786124,E3 LOCAL REAL BINARIES (not E4),ledger.json
p1-expected,172da62b63f70d406ffad69893851a01b042ffc4,"['psql', '-v', 'ON_ERROR_STOP=1', '-d', 'payesh', '-tAXc', ""SELECT count(*),md5(string_agg(users::text,'|' ORDER BY id)) FROM users""]","{'PGBACKREST_CONFIG': '/tmp/a8dr-pg-n8wmb8r7/pbr.conf', 'PGHOST': '/tmp/a8dr-pg-n8wmb8r7/socket', 'PGPORT': '55432', 'PGUSER': 'user', 'PGDATABASE': 'payesh'}","Setup/control: command performs stated operation; interpret stdout and independent semantic checks, not exit alone.",0,7.10515,E3 LOCAL REAL BINARIES (not E4),ledger.json
p1-after-target,172da62b63f70d406ffad69893851a01b042ffc4,"['psql', '-v', 'ON_ERROR_STOP=1', '-d', 'payesh', '-tAXc', ""INSERT INTO users VALUES(12,'must-not-restore'); SELECT pg_switch_wal();""]","{'PGBACKREST_CONFIG': '/tmp/a8dr-pg-n8wmb8r7/pbr.conf', 'PGHOST': '/tmp/a8dr-pg-n8wmb8r7/socket', 'PGPORT': '55432', 'PGUSER': 'user', 'PGDATABASE': 'payesh'}","Setup/control: command performs stated operation; interpret stdout and independent semantic checks, not exit alone.",0,20.027668,E3 LOCAL REAL BINARIES (not E4),ledger.json
p1-archive-check,172da62b63f70d406ffad69893851a01b042ffc4,"['pgbackrest', '--stanza=payesh', 'check']","{'PGBACKREST_CONFIG': '/tmp/a8dr-pg-n8wmb8r7/pbr.conf', 'PGHOST': '/tmp/a8dr-pg-n8wmb8r7/socket', 'PGPORT': '55432', 'PGUSER': 'user', 'PGDATABASE': 'payesh'}","Setup/control: command performs stated operation; interpret stdout and independent semantic checks, not exit alone.",0,316.628736,E3 LOCAL REAL BINARIES (not E4),ledger.json
p1-restore-time,172da62b63f70d406ffad69893851a01b042ffc4,"['bash', 'tools/pitr-restore.sh', '--time', '2026-09-23 00:00:00+00', '--no-start', '--dest', '/tmp/a8dr-pg-n8wmb8r7/time']","{'PGBACKREST_CONFIG': '/tmp/a8dr-pg-n8wmb8r7/pbr.conf', 'PGHOST': '/tmp/a8dr-pg-n8wmb8r7/socket', 'PGPORT': '55432', 'PGUSER': 'user', 'PGDATABASE': 'payesh'}",Timestamp remains single argv value; no command parsing failure. Actual recovery target availability checked separately.,48,14.89333,E3 LOCAL REAL BINARIES (not E4),ledger.json
p1-restore-latest,172da62b63f70d406ffad69893851a01b042ffc4,"['bash', 'tools/pitr-restore.sh', '--latest', '--no-start', '--dest', '/tmp/a8dr-pg-n8wmb8r7/latest']","{'PGBACKREST_CONFIG': '/tmp/a8dr-pg-n8wmb8r7/pbr.conf', 'PGHOST': '/tmp/a8dr-pg-n8wmb8r7/socket', 'PGPORT': '55432', 'PGUSER': 'user', 'PGDATABASE': 'payesh'}",Documented latest option mapped to valid pgBackRest restore type.,32,13.637861,E3 LOCAL REAL BINARIES (not E4),ledger.json
p1-restore-native,172da62b63f70d406ffad69893851a01b042ffc4,"['bash', 'tools/pitr-restore.sh', '--native', '--time', '2026-09-23 00:00:00+00', '--no-start', '--dest', '/tmp/a8dr-pg-n8wmb8r7/native']","{'PGBACKREST_CONFIG': '/tmp/a8dr-pg-n8wmb8r7/pbr.conf', 'PGHOST': '/tmp/a8dr-pg-n8wmb8r7/socket', 'PGPORT': '55432', 'PGUSER': 'user', 'PGDATABASE': 'payesh'}",Runbook documented command accepted; currently unsupported flag.,1,1.826953,E3 LOCAL REAL BINARIES (not E4),ledger.json
p1-restore-name,172da62b63f70d406ffad69893851a01b042ffc4,"['bash', 'tools/pitr-restore.sh', '--name', 'arena_target', '--no-start', '--dest', '/tmp/a8dr-pg-n8wmb8r7/restore', '--port', '55433']","{'PGBACKREST_CONFIG': '/tmp/a8dr-pg-n8wmb8r7/pbr.conf', 'PGHOST': '/tmp/a8dr-pg-n8wmb8r7/socket', 'PGPORT': '55432', 'PGUSER': 'user', 'PGDATABASE': 'payesh'}",Named restore copies backup; no-start does NOT certify replay/promote.,0,323.583334,E3 LOCAL REAL BINARIES (not E4),ledger.json
p1-target-start,172da62b63f70d406ffad69893851a01b042ffc4,"['pg_ctl', '-D', '/tmp/a8dr-pg-n8wmb8r7/restore/pitr-20260922-211156-4673/data', '-o', '-c config_file=/tmp/a8dr-pg-n8wmb8r7/restore/pitr-20260922-211156-4673/etc/postgresql.conf -c recovery_target_action=promote', '-l', '/tmp/a8dr-pg-n8wmb8r7/restore/pitr-20260922-211156-4673/target.log', '-w', 'start']","{'PGBACKREST_CONFIG': '/tmp/a8dr-pg-n8wmb8r7/pbr.conf', 'PGHOST': '/tmp/a8dr-pg-n8wmb8r7/socket', 'PGPORT': '55432', 'PGUSER': 'user', 'PGDATABASE': 'payesh'}","Setup/control: command performs stated operation; interpret stdout and independent semantic checks, not exit alone.",1,108.317156,E3 LOCAL REAL BINARIES (not E4),ledger.json
p1-stop-source,172da62b63f70d406ffad69893851a01b042ffc4,"['pg_ctl', '-D', '/tmp/a8dr-pg-n8wmb8r7/source', '-m', 'immediate', '-w', 'stop']","{'PGBACKREST_CONFIG': '/tmp/a8dr-pg-n8wmb8r7/pbr.conf', 'PGHOST': '/tmp/a8dr-pg-n8wmb8r7/socket', 'PGPORT': '55432', 'PGUSER': 'user', 'PGDATABASE': 'payesh'}","Setup/control: command performs stated operation; interpret stdout and independent semantic checks, not exit alone.",0,101.613452,E3 LOCAL REAL BINARIES (not E4),ledger.json
r2-seed,172da62b63f70d406ffad69893851a01b042ffc4,"['redis-cli', '-p', '56390', 'SET', 'arena:identity', 'dataset-2']",{},"Setup/control: command performs stated operation; interpret stdout and independent semantic checks, not exit alone.",0,3.720167,E3 LOCAL REAL BINARIES (not E4),ledger.json
r2-backup-s3-missing,172da62b63f70d406ffad69893851a01b042ffc4,"['bash', 'tools/redis-backup.sh']","{'REDIS_HOST': '127.0.0.1', 'REDIS_PORT': '56390', 'REDIS_DIR': '/tmp/a8dr-redis-9tf2o1to/source', 'BACKUP_DIR': '/tmp/a8dr-redis-9tf2o1to/backup', 'BACKUP_LOCK': '/tmp/a8dr-redis-9tf2o1to/lock', 'BACKUP_S3': 's3://arena8-no-network-test/redis'}","If off-site backup is required, missing uploader must not count as complete off-site success; local-only explicitly distinguished.",0,2051.526923,E3 LOCAL REAL BINARIES (not E4),ledger.json
r2-restored-marker,172da62b63f70d406ffad69893851a01b042ffc4,"['redis-cli', '-p', '56391', 'GET', 'arena:identity']",{},Return original seeded dataset-N from distinct RDB target.,0,3.977624,E3 LOCAL REAL BINARIES (not E4),ledger.json
r2-rdb-integrity,172da62b63f70d406ffad69893851a01b042ffc4,"['redis-check-rdb', '/tmp/a8dr-redis-9tf2o1to/backup/dump-20260922T211156Z.rdb']",{},Valid checksum and RDB parse; exit 0.,0,5.91151,E3 LOCAL REAL BINARIES (not E4),ledger.json
r2-aof-restored-marker,172da62b63f70d406ffad69893851a01b042ffc4,"['redis-cli', '-p', '56392', 'GET', 'arena:identity']",{},"Return original seeded dataset-N, not empty result.",0,3.655053,E3 LOCAL REAL BINARIES (not E4),ledger.json
r2-corrupt-rdb,172da62b63f70d406ffad69893851a01b042ffc4,"['redis-check-rdb', '/tmp/a8dr-redis-9tf2o1to/corrupt.rdb']",{},Corruption rejected; exit nonzero.,1,5.869629,E3 LOCAL REAL BINARIES (not E4),ledger.json
r2-lock-busy,172da62b63f70d406ffad69893851a01b042ffc4,"['bash', 'tools/redis-backup.sh']","{'REDIS_HOST': '127.0.0.1', 'REDIS_PORT': '56390', 'REDIS_DIR': '/tmp/a8dr-redis-9tf2o1to/source', 'BACKUP_DIR': '/tmp/a8dr-redis-9tf2o1to/backup', 'BACKUP_LOCK': '/tmp/a8dr-redis-9tf2o1to/lock', 'BACKUP_S3': 's3://arena8-no-network-test/redis'}","No backup; exit 75, not success.",75,4.51338,E3 LOCAL REAL BINARIES (not E4),ledger.json
r2-source-mutated,172da62b63f70d406ffad69893851a01b042ffc4,"['redis-cli', '-p', '56390', 'SET', 'arena:identity', 'new-source-dataset']",{},"Setup/control: command performs stated operation; interpret stdout and independent semantic checks, not exit alone.",0,4.758581,E3 LOCAL REAL BINARIES (not E4),ledger.json
r2-wrong-directory,172da62b63f70d406ffad69893851a01b042ffc4,"['bash', 'tools/redis-backup.sh']","{'REDIS_HOST': '127.0.0.1', 'REDIS_PORT': '56390', 'REDIS_DIR': '/tmp/a8dr-redis-9tf2o1to/wrong', 'BACKUP_DIR': '/tmp/a8dr-redis-9tf2o1to/wrong-backup', 'BACKUP_LOCK': '/tmp/a8dr-redis-9tf2o1to/lock', 'BACKUP_S3': ''}","Reject source identity/path mismatch, not attribute stale local RDB to current endpoint.",0,2048.976382,E3 LOCAL REAL BINARIES (not E4),ledger.json
r2-unreachable,172da62b63f70d406ffad69893851a01b042ffc4,"['bash', 'tools/redis-backup.sh']","{'REDIS_HOST': '127.0.0.1', 'REDIS_PORT': '1', 'REDIS_DIR': '/tmp/a8dr-redis-9tf2o1to/source', 'BACKUP_DIR': '/tmp/a8dr-redis-9tf2o1to/unreachable', 'BACKUP_LOCK': '/tmp/a8dr-redis-9tf2o1to/lock', 'BACKUP_S3': 's3://arena8-no-network-test/redis'}","Unavailable Redis source rejected, exit nonzero.",1,11.527967,E3 LOCAL REAL BINARIES (not E4),ledger.json
p2-init,172da62b63f70d406ffad69893851a01b042ffc4,"['initdb', '-D', '/tmp/a8dr-pg-c0ihz47g/source', '-A', 'trust', '--no-locale']",{},"Setup/control: command performs stated operation; interpret stdout and independent semantic checks, not exit alone.",0,352.153486,E3 LOCAL REAL BINARIES (not E4),ledger.json
p2-start,172da62b63f70d406ffad69893851a01b042ffc4,"['pg_ctl', '-D', '/tmp/a8dr-pg-c0ihz47g/source', '-l', '/tmp/a8dr-pg-c0ihz47g/source.log', '-w', 'start']","{'PGBACKREST_CONFIG': '/tmp/a8dr-pg-c0ihz47g/pbr.conf', 'PGHOST': '/tmp/a8dr-pg-c0ihz47g/socket', 'PGPORT': '55434', 'PGUSER': 'user', 'PGDATABASE': 'payesh'}","Setup/control: command performs stated operation; interpret stdout and independent semantic checks, not exit alone.",0,109.666519,E3 LOCAL REAL BINARIES (not E4),ledger.json
p2-create-db,172da62b63f70d406ffad69893851a01b042ffc4,"['psql', '-v', 'ON_ERROR_STOP=1', '-d', 'postgres', '-tAXc', 'CREATE DATABASE payesh']","{'PGBACKREST_CONFIG': '/tmp/a8dr-pg-c0ihz47g/pbr.conf', 'PGHOST': '/tmp/a8dr-pg-c0ihz47g/socket', 'PGPORT': '55434', 'PGUSER': 'user', 'PGDATABASE': 'payesh'}","Setup/control: command performs stated operation; interpret stdout and independent semantic checks, not exit alone.",0,24.452788,E3 LOCAL REAL BINARIES (not E4),ledger.json
p2-seed,172da62b63f70d406ffad69893851a01b042ffc4,"['psql', '-v', 'ON_ERROR_STOP=1', '-d', 'payesh', '-tAXc', ""CREATE TABLE users(id int primary key, value text); INSERT INTO users SELECT i,'run2-'||i FROM generate_series(1,10)i;CREATE TABLE schools(id int primary key, value text); INSERT INTO schools SELECT i,'run2-'||i FROM generate_series(1,10)i;CREATE TABLE classes(id int primary key, value text); INSERT INTO classes SELECT i,'run2-'||i FROM generate_series(1,10)i;CREATE TABLE grades(id int primary key, value text); INSERT INTO grades SELECT i,'run2-'||i FROM generate_series(1,10)i;CREATE TABLE attendance(id int primary key, value text); INSERT INTO attendance SELECT i,'run2-'||i FROM generate_series(1,10)i""]","{'PGBACKREST_CONFIG': '/tmp/a8dr-pg-c0ihz47g/pbr.conf', 'PGHOST': '/tmp/a8dr-pg-c0ihz47g/socket', 'PGPORT': '55434', 'PGUSER': 'user', 'PGDATABASE': 'payesh'}","Setup/control: command performs stated operation; interpret stdout and independent semantic checks, not exit alone.",0,11.750976,E3 LOCAL REAL BINARIES (not E4),ledger.json
p2-stanza,172da62b63f70d406ffad69893851a01b042ffc4,"['pgbackrest', '--stanza=payesh', 'stanza-create']","{'PGBACKREST_CONFIG': '/tmp/a8dr-pg-c0ihz47g/pbr.conf', 'PGHOST': '/tmp/a8dr-pg-c0ihz47g/socket', 'PGPORT': '55434', 'PGUSER': 'user', 'PGDATABASE': 'payesh'}","Setup/control: command performs stated operation; interpret stdout and independent semantic checks, not exit alone.",0,12.555468,E3 LOCAL REAL BINARIES (not E4),ledger.json
p2-backup,172da62b63f70d406ffad69893851a01b042ffc4,"['pgbackrest', '--stanza=payesh', '--type=full', 'backup']","{'PGBACKREST_CONFIG': '/tmp/a8dr-pg-c0ihz47g/pbr.conf', 'PGHOST': '/tmp/a8dr-pg-c0ihz47g/socket', 'PGPORT': '55434', 'PGUSER': 'user', 'PGDATABASE': 'payesh'}","Setup/control: command performs stated operation; interpret stdout and independent semantic checks, not exit alone.",0,2132.005641,E3 LOCAL REAL BINARIES (not E4),ledger.json
p2-info,172da62b63f70d406ffad69893851a01b042ffc4,"['pgbackrest', '--stanza=payesh', '--output=json', 'info']","{'PGBACKREST_CONFIG': '/tmp/a8dr-pg-c0ihz47g/pbr.conf', 'PGHOST': '/tmp/a8dr-pg-c0ihz47g/socket', 'PGPORT': '55434', 'PGUSER': 'user', 'PGDATABASE': 'payesh'}","Setup/control: command performs stated operation; interpret stdout and independent semantic checks, not exit alone.",0,6.180398,E3 LOCAL REAL BINARIES (not E4),ledger.json
p2-before-target,172da62b63f70d406ffad69893851a01b042ffc4,"['psql', '-v', 'ON_ERROR_STOP=1', '-d', 'payesh', '-tAXc', ""INSERT INTO users VALUES(11,'keep'); SELECT pg_create_restore_point('arena_target');""]","{'PGBACKREST_CONFIG': '/tmp/a8dr-pg-c0ihz47g/pbr.conf', 'PGHOST': '/tmp/a8dr-pg-c0ihz47g/socket', 'PGPORT': '55434', 'PGUSER': 'user', 'PGDATABASE': 'payesh'}","Setup/control: command performs stated operation; interpret stdout and independent semantic checks, not exit alone.",0,10.830852,E3 LOCAL REAL BINARIES (not E4),ledger.json
p2-expected,172da62b63f70d406ffad69893851a01b042ffc4,"['psql', '-v', 'ON_ERROR_STOP=1', '-d', 'payesh', '-tAXc', ""SELECT count(*),md5(string_agg(users::text,'|' ORDER BY id)) FROM users""]","{'PGBACKREST_CONFIG': '/tmp/a8dr-pg-c0ihz47g/pbr.conf', 'PGHOST': '/tmp/a8dr-pg-c0ihz47g/socket', 'PGPORT': '55434', 'PGUSER': 'user', 'PGDATABASE': 'payesh'}","Setup/control: command performs stated operation; interpret stdout and independent semantic checks, not exit alone.",0,7.449371,E3 LOCAL REAL BINARIES (not E4),ledger.json
p2-after-target,172da62b63f70d406ffad69893851a01b042ffc4,"['psql', '-v', 'ON_ERROR_STOP=1', '-d', 'payesh', '-tAXc', ""INSERT INTO users VALUES(12,'must-not-restore'); SELECT pg_switch_wal();""]","{'PGBACKREST_CONFIG': '/tmp/a8dr-pg-c0ihz47g/pbr.conf', 'PGHOST': '/tmp/a8dr-pg-c0ihz47g/socket', 'PGPORT': '55434', 'PGUSER': 'user', 'PGDATABASE': 'payesh'}","Setup/control: command performs stated operation; interpret stdout and independent semantic checks, not exit alone.",0,19.224606,E3 LOCAL REAL BINARIES (not E4),ledger.json
p2-archive-check,172da62b63f70d406ffad69893851a01b042ffc4,"['pgbackrest', '--stanza=payesh', 'check']","{'PGBACKREST_CONFIG': '/tmp/a8dr-pg-c0ihz47g/pbr.conf', 'PGHOST': '/tmp/a8dr-pg-c0ihz47g/socket', 'PGPORT': '55434', 'PGUSER': 'user', 'PGDATABASE': 'payesh'}","Setup/control: command performs stated operation; interpret stdout and independent semantic checks, not exit alone.",0,319.030777,E3 LOCAL REAL BINARIES (not E4),ledger.json
p2-restore-time,172da62b63f70d406ffad69893851a01b042ffc4,"['bash', 'tools/pitr-restore.sh', '--time', '2026-09-23 00:00:00+00', '--no-start', '--dest', '/tmp/a8dr-pg-c0ihz47g/time']","{'PGBACKREST_CONFIG': '/tmp/a8dr-pg-c0ihz47g/pbr.conf', 'PGHOST': '/tmp/a8dr-pg-c0ihz47g/socket', 'PGPORT': '55434', 'PGUSER': 'user', 'PGDATABASE': 'payesh'}",Timestamp remains single argv value; no command parsing failure. Actual recovery target availability checked separately.,48,12.789332,E3 LOCAL REAL BINARIES (not E4),ledger.json
p2-restore-latest,172da62b63f70d406ffad69893851a01b042ffc4,"['bash', 'tools/pitr-restore.sh', '--latest', '--no-start', '--dest', '/tmp/a8dr-pg-c0ihz47g/latest']","{'PGBACKREST_CONFIG': '/tmp/a8dr-pg-c0ihz47g/pbr.conf', 'PGHOST': '/tmp/a8dr-pg-c0ihz47g/socket', 'PGPORT': '55434', 'PGUSER': 'user', 'PGDATABASE': 'payesh'}",Documented latest option mapped to valid pgBackRest restore type.,32,12.808132,E3 LOCAL REAL BINARIES (not E4),ledger.json
p2-restore-native,172da62b63f70d406ffad69893851a01b042ffc4,"['bash', 'tools/pitr-restore.sh', '--native', '--time', '2026-09-23 00:00:00+00', '--no-start', '--dest', '/tmp/a8dr-pg-c0ihz47g/native']","{'PGBACKREST_CONFIG': '/tmp/a8dr-pg-c0ihz47g/pbr.conf', 'PGHOST': '/tmp/a8dr-pg-c0ihz47g/socket', 'PGPORT': '55434', 'PGUSER': 'user', 'PGDATABASE': 'payesh'}",Runbook documented command accepted; currently unsupported flag.,1,1.725617,E3 LOCAL REAL BINARIES (not E4),ledger.json
p2-restore-name,172da62b63f70d406ffad69893851a01b042ffc4,"['bash', 'tools/pitr-restore.sh', '--name', 'arena_target', '--no-start', '--dest', '/tmp/a8dr-pg-c0ihz47g/restore', '--port', '55435']","{'PGBACKREST_CONFIG': '/tmp/a8dr-pg-c0ihz47g/pbr.conf', 'PGHOST': '/tmp/a8dr-pg-c0ihz47g/socket', 'PGPORT': '55434', 'PGUSER': 'user', 'PGDATABASE': 'payesh'}",Named restore copies backup; no-start does NOT certify replay/promote.,0,307.680973,E3 LOCAL REAL BINARIES (not E4),ledger.json
p2-target-start,172da62b63f70d406ffad69893851a01b042ffc4,"['pg_ctl', '-D', '/tmp/a8dr-pg-c0ihz47g/restore/pitr-20260922-211204-4923/data', '-o', '-c config_file=/tmp/a8dr-pg-c0ihz47g/restore/pitr-20260922-211204-4923/etc/postgresql.conf -c recovery_target_action=promote', '-l', '/tmp/a8dr-pg-c0ihz47g/restore/pitr-20260922-211204-4923/target.log', '-w', 'start']","{'PGBACKREST_CONFIG': '/tmp/a8dr-pg-c0ihz47g/pbr.conf', 'PGHOST': '/tmp/a8dr-pg-c0ihz47g/socket', 'PGPORT': '55434', 'PGUSER': 'user', 'PGDATABASE': 'payesh'}","Setup/control: command performs stated operation; interpret stdout and independent semantic checks, not exit alone.",1,108.027754,E3 LOCAL REAL BINARIES (not E4),ledger.json
p2-stop-source,172da62b63f70d406ffad69893851a01b042ffc4,"['pg_ctl', '-D', '/tmp/a8dr-pg-c0ihz47g/source', '-m', 'immediate', '-w', 'stop']","{'PGBACKREST_CONFIG': '/tmp/a8dr-pg-c0ihz47g/pbr.conf', 'PGHOST': '/tmp/a8dr-pg-c0ihz47g/socket', 'PGPORT': '55434', 'PGUSER': 'user', 'PGDATABASE': 'payesh'}","Setup/control: command performs stated operation; interpret stdout and independent semantic checks, not exit alone.",0,101.731118,E3 LOCAL REAL BINARIES (not E4),ledger.json
